Ticker,Code,Name,Exchange,Sector,Industry,GicSector,GicGroup,GicIndustry,GicSubIndustry,IsDelisted,IPODate,HomeCategory,HQCountryEODHD,CountryOfOrigin,MarketCapitalization,MarketCapitalizationMln,EBITDA,PERatio,PEGRatio,WallStreetTargetPrice,BookValue,DividendShare,DividendYield,EarningsShare,EPSEstimateCurrentYear,EPSEstimateNextYear,EPSEstimateCurrentQuarter,EPSEstimateNextQuarter,MostRecentQuarter,ProfitMargin,OperatingMarginTTM,ReturnOnAssetsTTM,ReturnOnEquityTTM,RevenueTTM,RevenuePerShareTTM,QuarterlyRevenueGrowthYOY,GrossProfitTTM,DilutedEpsTTM,QuarterlyEarningsGrowthYOY,TrailingPE,ForwardPE,PriceSalesTTM,PriceBookMRQ,EnterpriseValue,EnterpriseValueRevenue,EnterpriseValueEbitda,SharesFloat,SharesOutstanding,PercentInsiders,PercentInstitutions,ShortPercentFloat,FreeFloatPercent,HQCategory,ADV_63,DollarVolume_3M,BorrowRisk
ABEV,ABEV,Ambev SA ADR,NYSE,Consumer Defensive,Beverages - Brewers,Consumer Staples,"Food, Beverage & Tobacco",Beverages,Brewers,False,1997-03-05,ADR,Brazil,Brazil,50922708992,50922.709,27010926592.0,16.35,2.2562,3.3256,1.1449,0.859,0.0473,0.2,0.1996,0.2223,0.0425,0.0366,2026-03-31,0.1766,0.2623,0.0978,0.1725,88209571840,5.653,-0.001,45409562624,0.2,0.024,16.35,15.625,0.5773,2.8327,47969805251,2.7449,8.3581,4204556779,15572694040,0.0,6.8839999999999995,0.0092,26.999546566574683,agree,36029401.58730159,64936647.89444445,True
AMX,AMX,America Movil SAB de CV ADR,NYSE,Communication Services,Telecom Services,Communication Services,Telecommunication Services,Wireless Telecommunication Services,Wireless Telecommunication Services,False,2001-02-07,ADR Secondary,Mexico,Mexico,78061273088,78061.2731,375664771072.0,15.4583,1.1104,27.6047,7.1047,0.54,0.0208,1.68,1.8375,2.062,0.4471,0.4652,2026-03-31,0.0923,0.2133,0.0664,0.2113,948444266496,314.22,0.021,411241545728,1.68,0.258,15.4583,12.5471,0.0823,3.095,117046808003,2.146,5.048,51020680050,3005825000,0.0,6.268,0.0046,NaN,agree,1676376.1904761905,23389088.287301585,False
ASR,ASR,Grupo Aeroportuario del Sureste SAB de CV ADR,NYSE,Industrials,Airports & Air Services,Industrials,Transportation,Transportation Infrastructure,Airport Services,False,2000-09-28,ADR,Mexico,Mexico,9177499648,9177.4996,19997175808.0,16.2117,0.9201,363.0625,81.6975,0.0,0.0188,18.85,21.8413,25.3933,6.2855,5.5955,2026-03-31,0.2623,0.5292,0.1157,0.1782,37308006400,1243.6,0.008,17407956992,18.85,-0.2,16.2117,13.2802,0.246,3.7405,10412724969,4.8288,9.2646,81855000,27705000,0.0,12.585,0.024,NaN,agree,50185.71428571428,11212101.073492061,False
BAP,BAP,Credicorp Ltd,NYSE,Financial Services,Banks - Regional,Financials,Banks,Banks,Diversified Banks,False,1995-10-25,ADR,Peru,Peru,27667081216,27667.0812,NaN,13.3528,4.5503,363.1439,144.2026,50.0,0.041,26.08,29.49,32.9364,7.2572,7.2198,2026-03-31,0.329,0.4879,0.0277,0.1915,21917644800,276.134,0.256,21750482944,26.08,0.161,13.3528,12.6422,1.2623,2.4022,-16877034496,4.9208,0.0,53239147,79448317,14.612,82.09,0.0237,67.01104442527084,agree,286480.95238095237,48009981.17555557,False
BBAR,BBAR,BBVA Banco Frances SA ADR,NYSE,Financial Services,Banks - Regional,Financials,Banks,Banks,Regional Banks,False,1993-11-24,ADR,Argentina,Argentina,3747743232,3747.7432,NaN,16.8349,4.374,24.6667,3.9722,0.0,0.0162,1.09,0.424,1.188,0.355,0.0,2026-03-31,0.0713,0.1441,0.0116,0.0715,3146823761920,15407.73,0.261,3084267814912,1.09,-0.057,16.8349,3.2185,0.0012,1.3588,-3088448749568,1.8882,0.0,161363326,204236693,0.0,9.617,0.0485,79.00799980148523,agree,799319.0476190476,16144650.422063492,False
BBD,BBD,Banco Bradesco SA ADR,NYSE,Financial Services,Banks - Regional,Financials,Banks,Banks,Diversified Banks,False,2001-11-23,ADR Primary,Brazil,Brazil,37631733760,37631.7338,NaN,8.4762,1.8524,4.4,3.3601,1.278,0.361,0.42,0.4926,0.5624,0.1212,0.1235,2026-03-31,0.2536,0.3509,0.0105,0.1337,91670847488,8.668,0.105,90511433728,0.42,-0.075,8.4762,8.7032,0.4105,1.0495,533902163968,2.9538,0.0,7527721156,5277491247,0.005,55.209,0.0119,NaN,agree,44868150.79365079,82987472.8838095,False
BCH,BCH,Banco De Chile,NYSE,Financial Services,Banks - Regional,Financials,Banks,Banks,Diversified Banks,False,2002-01-08,ADR,Chile,Chile,19602364416,19602.3644,NaN,15.524,2.6491,37.5979,56.243,0.0,0.0564,2.5,2.7568,3.0689,0.6296,0.6765,2026-03-31,0.4371,0.0,0.0207,0.2085,2686239113216,5318.4,-0.079,2635375050752,2.5,-0.183,15.524,14.0449,5.9092,3.2039,12509404725248,10.3654,0.0,37818774827,505085406,0.0,2.286,0.0038,NaN,agree,244039.68253968254,5554991.323968252,False
BMA,BMA,Banco Macro SA B ADR,NYSE,Financial Services,Banks - Regional,Financials,Banks,Banks,Diversified Banks,False,2006-03-24,ADR,Argentina,Argentina,5451442176,5451.4422,NaN,26.3963,0.4681,111.466,58.3359,0.0,0.0562,3.23,8649.888,13683.999,2170.177,1631.7457,2026-03-31,0.0712,0.2406,0.0137,0.055,4063621021696,63552.76,-0.033,4003300114432,3.23,-0.274,26.3963,3.0979,0.0013,1.4599,-1059014836224,2.1226,0.0,217349406,62815463,0.0,11.879,0.0269,NaN,agree,330034.4761904762,29382721.97686191,False
BRFS,BRFS,BRF SA ADR,NYSE,Consumer Defensive,Packaged Foods,Consumer Staples,"Food, Beverage & Tobacco",Food Products,Packaged Foods & Meats,True,2000-10-20,ADR,Brazil,Brazil,5691009024,5691.009,9244005376.0,8.2439,-124.43,3.5,10.518,0.582,0.1484,0.41,0.4023,0.3211,0.0819,0.0733,2025-06-30,0.0561,0.1111,0.0733,0.2248,63948587008,39.338,0.029,16827739136,0.41,-0.225,8.2439,4.8146,0.089,1.7035,7203589300,0.5997,3.1375,405326290,1592192459,53.039,3.85,0.0238,25.457116550757387,agree,1950788.2063492064,6206271.997165079,True
BSAC,BSAC,Banco Santander Chile,NYSE,Financial Services,Banks - Regional,Financials,Banks,Banks,Diversified Banks,False,1994-05-23,ADR,Chile,Chile,15136935936,15136.9359,NaN,13.3875,2.3618,33.3717,24.37,0.0,0.0461,2.4,2.7676,3.1273,0.6333,0.6733,2026-03-31,0.4478,0.0,0.0151,0.2206,2340687970304,2484.2,-0.026,2315287003136,2.4,-0.014,13.3875,14.881,4.7334,2.8517,18765389496320,9.1666,0.0,61116847842,471115317,0.0,5.139,0.0047,NaN,agree,270793.65079365077,5304601.3844444435,False
BSBR,BSBR,Banco Santander Brasil SA ADR,NYSE,Financial Services,Banks - Regional,Financials,Banks,Banks,Diversified Banks,False,2009-10-07,ADR,Brazil,Brazil,41105993728,41105.9937,NaN,16.6364,0.4181,7.18,13.3777,0.133,0.062,0.33,0.8592,0.9559,0.2017,0.2147,2026-03-31,0.2816,0.4304,0.0103,0.1047,45721661440,24.426,0.004,44903333888,0.33,0.033,16.6364,6.25,0.899,1.6304,189969776640,2.833,0.0,3743715500,7487431051,13.693,0.75,0.006,49.99999965942925,agree,707200.0,2862207.2193650794,False
BVN,BVN,Compania de Minas Buenaventura SAA ADR,NYSE,Basic Materials,Other Precious Metals & Mining,Materials,Materials,Metals & Mining,Gold,False,1996-05-14,ADR,Peru,Peru,8795565056,8795.5651,1012449024.0,10.4939,1.1115,39.58,16.323,1.135,0.0328,3.3,4.445,3.3693,1.15,0.76,2026-03-31,0.4772,0.5255,0.0929,0.2628,2048475008,8.065,1.03,1206865024,3.3,1.394,10.4939,36.4964,4.2937,2.1658,8190107218,4.7297,7.9662,160253014,253715190,0.0,59.465,0.0292,63.162561926229166,agree,1011193.6507936508,12969118.083333334,False
CAAP,CAAP,Corporacion America Airports,NYSE,Industrials,Airports & Air Services,Industrials,Transportation,Transportation Infrastructure,Airport Services,False,2018-02-01,ADR,Luxembourg,Argentina,4341724160,4341.7242,713073984.0,15.2874,NaN,32.0,9.723,NaN,NaN,1.74,1.9586,2.2643,0.4784,0.5166,2026-03-31,0.1263,0.2351,0.0707,0.1622,1962134016,12.09,0.188,688144000,1.74,2.121,15.2874,4.8876,2.2128,2.4056,4663211006,2.2726,6.5063,18246601,163222707,79.562,15.355,0.0472,11.178959922530876,tax-haven,247476.19047619047,4601248.746031746,True
CEPU,CEPU,Central Puerto S.A.,NYSE,Utilities,Utilities - Regulated Electric,Utilities,Utilities,Independent Power and Renewable Electricity Producers,Independent Power Producers & Energy Traders,False,2018-02-02,ADR,Argentina,Argentina,2362283264,2362.2833,530026954752.0,7.3944,NaN,21.5,12.5402,NaN,NaN,2.13,1.8735,1.6231,0.3546,0.2554,2026-03-31,0.3667,0.3752,0.0619,0.1927,1230284128256,8195.51,0.538,443600371712,2.13,1.142,7.3944,0.0,0.0019,1.2558,2778289592,3.1892,5.2779,963767268,149986238,0.011,5.362,0.003,NaN,agree,333219.04761904763,4520170.73015873,False
CIB,CIB,Grupo Cibest S.A.,NYSE,Financial Services,Banks - Regional,Financials,Banks,Banks,Diversified Banks,False,1995-07-26,ADR,Colombia,Colombia,16793632768,16793.6328,NaN,9.5007,0.4343,64.2645,44394.484,0.0,0.0697,7.45,8.6291,8.965,1.9051,2.1597,2026-03-31,0.1468,0.0,0.0178,0.1693,24714126819328,25890.193,0.108,23593373138944,7.45,-0.15,9.5007,8.5106,1.1908,1.7216,-18304527761408,2.9242,0.0,591881648,109989451,0.0,19.606,0.0107,NaN,agree,404846.0317460318,12877365.467301587,False
CPA,CPA,Copa Holdings SA,NYSE,Industrials,Airlines,Industrials,Transportation,Passenger Airlines,Passenger Airlines,False,2005-12-15,ADR,Panama,Panama,5829834752,5829.8348,1177469056.0,8.3269,0.9448,164.8,70.242,6.54,0.0479,17.16,16.079,19.8653,4.4199,0.6119,2026-03-31,0.1876,0.2458,0.0854,0.2642,3771064064,91.462,0.17,1561917056,17.16,0.205,8.3269,9.6246,1.5466,2.0297,6929190912,1.834,7.5426,28234354,29861335,0.391,97.312,0.0551,94.55154633910374,agree,305180.95238095237,26226665.84857143,False
CX,CX,Cemex SAB de CV ADR,NYSE,Basic Materials,Building Materials,Materials,Materials,Construction Materials,Construction Materials,False,1999-09-15,ADR,Mexico,Mexico,19061401600,19061.4016,3031414016.0,NaN,0.1074,14.1856,9.07,0.0,0.0068,-0.07,0.795,0.89,0.113,0.2461,2026-03-31,0.0274,0.1049,0.0436,0.0383,16536876032,11.89,0.112,5397219840,-0.07,-0.675,0.0,16.8919,1.1527,1.451,24699401904,1.5311,9.5995,14065033347,1442952453,0.197,36.358,0.0035,NaN,agree,10204058.73015873,60646634.56761904,False
DLO,DLO,Dlocal Ltd,NASDAQ,Technology,Software - Infrastructure,Financials,Financial Services,Financial Services,Transaction & Payment Processing Services,False,2021-06-03,NaN,Uruguay,Uruguay,3434120704,3434.1207,232424992.0,18.2344,NaN,17.35,1.885,0.194,0.0169,0.64,0.8608,1.1042,0.1748,0.2098,2026-03-31,0.1585,0.1571,0.0924,0.3499,1212690048,4.148,0.549,436560992,0.64,-0.067,18.2344,13.5318,2.8318,6.2086,2523284781,2.0807,9.6106,85933073,178035757,21.391,62.98,0.1089,48.26731126826394,agree,1204580.9523809524,12738024.057777781,False
EC,EC,Ecopetrol SA ADR,NYSE,Energy,Oil & Gas Integrated,Energy,Energy,"Oil, Gas & Consumable Fuels",Integrated Oil & Gas,False,2007-08-27,ADR,Colombia,Colombia,30673053696,30673.0537,43172000432128.0,11.1343,0.7707,12.4818,1963.047,0.0,0.0435,1.34,2.1118,1.6065,0.342,0.657,2026-03-31,0.0752,0.0,0.0567,0.1204,125666892709888,30563.47,-0.087,41187436134400,1.34,-0.077,11.1343,9.1241,0.9781,1.4055,57248844921,1.8036,7.5237,4731709225,2055834735,0.003,1.271,0.0477,NaN,agree,2615604.761904762,20145852.017142855,False
ERJ,ERJ,Embraer SA ADR,NYSE,Industrials,Aerospace & Defense,Industrials,Capital Goods,Aerospace & Defense,Aerospace & Defense,True,2000-07-20,ADR,Brazil,Brazil,12331144192,12331.1442,4077863936.0,37.7076,1.19,68.5,24.798,0.07,0.0008,1.71,1.3,2.528,0.5037,0.7612,2025-09-30,0.0537,0.0997,0.0356,0.1132,39804538880,216.816,0.309,7391371776,1.71,0.0,37.7076,22.9358,0.3098,3.2438,12316604700,1.7018,14.052,693806854,183391535,0.0,45.983,0.0203,NaN,agree,1700263.5238095238,78164437.21510318,False
FMX,FMX,Fomento Economico Mexicano,NYSE,Consumer Defensive,Beverages - Brewers,Consumer Staples,"Food, Beverage & Tobacco",Beverages,Soft Drinks & Non-alcoholic Beverages,False,1998-05-11,ADR,Mexico,Mexico,41791393792,41791.3938,105550004224.0,26.7838,4.9083,123.7566,36.1786,0.0,0.0548,4.58,5.405,5.3058,0.7408,1.242,2026-03-31,0.0334,0.1258,0.0619,0.1244,852918009856,2499.22,0.061,346751860736,4.58,1.678,26.7838,93.4579,0.049,3.4433,50067026552,1.0156,10.6124,3376284433,340681468,0.0,46.787,0.001,NaN,agree,503361.90476190473,41347329.35539682,False
GGAL,GGAL,Grupo Financiero Galicia SA ADR,NASDAQ,Financial Services,Banks - Regional,Financials,Banks,Banks,Diversified Banks,False,2000-07-25,ADR,Argentina,Argentina,8164267008,8164.267,NaN,126.7895,0.1751,67.4009,3.4475,0.0,0.0449,0.38,4.0006,6.6434,0.4965,0.8082,2026-03-31,0.0309,-0.0354,0.0044,0.0249,6349695483904,3958.258,-0.1,6100736802816,0.38,-0.572,126.7895,3.3102,0.0013,1.2624,1742873952256,1.7092,0.0,931900226,132503208,0.059,24.682,0.2111,NaN,agree,1041934.9206349206,61553506.07380952,False
GGB,GGB,Gerdau SA ADR,NYSE,Basic Materials,Steel,Materials,Materials,Metals & Mining,Steel,False,1999-03-10,ADR,Brazil,Brazil,9285810176,9285.8102,9190111232.0,27.7647,90.9541,5.1811,5.3487,0.68,0.0306,0.17,2.8287,2.8497,0.7596,0.7184,2026-03-31,0.0237,0.1048,0.0448,0.0307,69198856192,34.792,-0.038,8314806784,0.17,0.379,27.7647,6.9204,0.1342,0.8822,10721283496,0.782,6.7204,1263315686,1250198799,0.0,26.471,0.0067,NaN,agree,9580063.492063493,26578695.71920635,False
INTR,INTR,Inter & Co. Inc. Class A Common Shares,NASDAQ,Financial Services,Banks - Regional,Industrials,Capital Goods,Trading Companies & Distributors,Trading Companies & Distributors,False,2022-06-23,NaN,Brazil,Brazil,2723983360,2723.9834,NaN,9.7937,NaN,9.7141,4.6128,0.623,0.0983,0.63,0.8009,1.062,0.1747,0.188,2026-03-31,0.2248,0.2992,0.0168,0.1553,6320184832,14.345,0.253,6320184832,0.63,0.369,9.7937,9.7943,0.431,1.3551,15818979328,3.024,0.0,212020376,325767698,18.595,49.861,0.0449,65.08330239666672,agree,2597160.3174603176,13350117.52984127,False
ITUB,ITUB,Itau Unibanco Banco Holding SA,NYSE,Financial Services,Banks - Regional,Financials,Banks,Banks,Diversified Banks,False,2002-02-25,ADR Primary,Brazil,Brazil,87731896320,87731.8963,NaN,9.7073,1.3414,8.825,3.7696,3.359,0.423,0.82,0.8961,0.9979,0.2127,0.2133,2026-03-31,0.3328,0.3308,0.0157,0.2182,138185998336,12.494,-0.021,138185998336,0.82,0.114,9.7073,9.3897,0.6349,2.0974,719912042496,4.3034,0.0,5850578173,5403851718,0.002,32.381,0.0064,NaN,agree,26876474.031746034,119968404.55523807,False
KOF,KOF,Coca-Cola Femsa SAB de CV ADR,NYSE,Consumer Defensive,Beverages - Non-Alcoholic,Consumer Staples,"Food, Beverage & Tobacco",Beverages,Soft Drinks & Non-alcoholic Beverages,False,1993-09-13,ADR,Mexico,Mexico,23088148480,23088.1485,51501383680.0,NaN,23.5709,116.0063,37.9369,77.4,0.0372,-0.44,6.9343,8.4589,1.2581,1.461,2026-03-31,0.0788,0.1283,0.0756,0.1583,292514594816,1392.512,0.011,134598983680,-0.44,-0.155,0.0,135.1351,0.0789,2.8891,25711694709,1.5208,10.6694,3282550410,210083226,0.0,37.36,0.0044,NaN,agree,186290.47619047618,14632900.010476194,False
MELI,MELI,MercadoLibre Inc.,NASDAQ,Consumer Cyclical,Internet Retail,Consumer Discretionary,Consumer Discretionary Distribution & Retail,Broadline Retail,Broadline Retail,False,2007-08-10,Domestic,Uruguay,Argentina,85991047168,85991.0472,3940999936.0,44.8485,1.0455,2230.28,143.617,NaN,NaN,37.82,41.0768,58.6313,8.2014,11.18,2026-03-31,0.0604,0.0691,0.0511,0.3126,31803000832,627.312,0.49,15733999616,37.82,-0.156,44.8485,32.8947,2.7039,11.4752,92880039192,4.9347,23.8439,47016567,50697182,7.256,82.997,0.0205,92.74000081503544,regional-shift,402424.34920634923,804125376.0963491,False
NU,NU,Nu Holdings Ltd,NYSE,Financial Services,Banks - Regional,Financials,Banks,Banks,Diversified Banks,False,2021-12-09,NaN,Brazil,Brazil,63445721088,63445.7211,NaN,20.0769,0.768,19.3857,2.589,NaN,NaN,0.65,0.8349,1.1023,0.1874,0.2039,2026-03-31,0.4192,0.4823,0.0484,0.3006,7594012160,1.568,0.437,7594012160,0.65,0.559,20.0769,18.1159,8.3547,5.0399,53689573376,5.1714,0.0,3610426288,3839140553,5.6259999999999994,88.48899999999999,0.0379,94.04256598989905,agree,49916622.222222224,576638881.7142857,False
PAAS,PAAS,Pan American Silver Corp.,NYSE,Basic Materials,Gold,Materials,Materials,Metals & Mining,Silver,False,1995-06-12,Canadian,Canada,Pan-Regional,22466381824,22466.3818,1946000000.0,16.8202,7.0214,73.125,16.587,0.54,0.0098,3.17,4.6451,5.4454,1.0622,1.1627,2026-03-31,0.3165,0.4809,0.1061,0.208,4000000000,10.092,0.493,2228999936,3.17,1.316,16.8202,10.7411,5.6166,3.055,21764831727,5.4412,9.8261,420920223,421350000,0.065,61.217,0.0116,99.898,non-LatAm,3124228.5714285714,73500589.3931746,False
PAC,PAC,Grupo Aeroportuario del Pacifico SAB De CV ADR,NYSE,Industrials,Airports & Air Services,Industrials,Transportation,Transportation Infrastructure,Airport Services,False,2006-02-24,ADR,Mexico,Mexico,14530343936,14530.3439,21663275008.0,21.3275,1.0719,279.1167,0.2028,0.0,0.0361,11.45,13.8805,14.82,3.26,3.302,2026-03-31,0.3044,0.4446,0.1209,0.3758,32840351744,4.4847,0.028,25438259200,11.45,0.157,21.3275,18.1159,0.4425,9.7802,16994884770,7.0473,13.0051,322958197,51922658,0.04,19.686,0.0092,NaN,agree,80923.80952380953,14768956.532063494,False
PAGS,PAGS,PagSeguro Digital Ltd,NYSE,Technology,Software - Infrastructure,Industrials,Commercial & Professional Services,Professional Services,Data Processing & Outsourced Services,False,2018-01-24,ADR,Brazil,Brazil,2613505792,2613.5058,9320926208.0,6.4931,NaN,12.2155,10.3522,1.325,0.1112,1.44,8.6665,9.8226,2.0457,1.995,2026-03-31,0.1079,0.3733,0.0651,0.1452,19814045696,68.54,0.015,10158570496,1.44,0.122,6.4931,6.1958,0.1319,0.9135,10403661258,2.5677,5.8875,145296684,159059831,3.458,1002.0269,0.1326,91.34718871919335,agree,4305646.031746032,29462839.92650794,False
PAM,PAM,Pampa Energia SA ADR,NYSE,Industrials,Conglomerates,Utilities,Utilities,Electric Utilities,Electric Utilities,False,2009-10-09,ADR,Argentina,Argentina,4493536256,4493.5363,784640000.0,10.1345,0.84,115.1364,69.45,NaN,NaN,8.25,9.4455,13.0961,1.4937,2.7161,2026-03-31,0.2031,0.1937,0.0336,0.121,2156999936,39.65,0.384,689640000,8.25,0.399,10.1345,6.68,2.0832,1.1894,5956333205,2.7614,4.8782,636248800,53744004,0.051,9.336,0.013,NaN,agree,245139.95238095237,20499676.734920636,False
PBR,PBR,Petroleo Brasileiro Petrobras SA ADR,NYSE,Energy,Oil & Gas Integrated,Energy,Energy,"Oil, Gas & Consumable Fuels",Integrated Oil & Gas,False,2000-08-10,ADR Primary,Brazil,Brazil,122185179136,122185.1791,203499995136.0,5.8519,4.7447,22.6473,12.9754,2.991,0.1542,3.24,4.2,4.1133,0.9901,1.2594,2026-03-31,0.216,0.3195,0.0823,0.256,498090999808,77.29,0.004,235890999296,3.24,-0.072,5.8519,4.2699,0.2453,1.376,181333634179,1.8708,3.6624,7967170156,3721115691,0.025,26.578000000000003,0.0127,NaN,agree,15653655.555555556,193159328.49920633,False
PSMT,PSMT,PriceSmart Inc,NASDAQ,Consumer Defensive,Discount Stores,Consumer Staples,Consumer Staples Distribution & Retail,Consumer Staples Distribution & Retail,Consumer Staples Merchandise Retail,False,1997-08-28,Domestic,United States,Panama,5248901120,5248.9011,345736000.0,33.5751,1.8308,153.3333,44.236,1.33,0.008,5.06,5.4467,7.05,1.565,0.0,2026-02-28,0.0282,0.0507,0.0695,0.1245,5526520832,183.392,0.097,971025024,5.06,0.116,33.5751,27.4725,0.9498,3.9375,5253036883,0.9505,16.1021,27793744,30895879,7.464,98.659,0.0805,89.95938908227858,non-LatAm,244014.04761904763,21321756.86446031,False
SCCO,SCCO,Southern Copper Corporation,NYSE,Basic Materials,Copper,Materials,Materials,Metals & Mining,Copper,False,1996-01-05,Domestic,United States,Peru,156644655104,156644.6551,8849899520.0,31.7682,5.4105,158.9065,14.128,3.297,0.0174,5.91,7.1637,6.6825,1.8083,1.6518,2026-03-31,0.3413,0.5834,0.2381,0.4634,14549499904,17.28,0.362,9123900416,5.91,0.667,31.7682,38.7597,10.7663,13.2889,158696848485,10.9074,17.6577,92067840,834325691,89.876,9.921,0.1218,11.034999999778265,non-LatAm,1413935.634920635,123452562.02188727,True
SQM,SQM,Sociedad Quimica y Minera de Chile SA ADR B,NYSE,Basic Materials,Specialty Chemicals,Materials,Materials,Chemicals,Fertilizers & Agricultural Chemicals,False,1993-09-20,ADR,Chile,Chile,23976439808,23976.4398,1957776256.0,29.3497,0.5373,78.9972,20.54,0.0,0.0123,2.86,5.736,5.6125,1.5568,1.6508,2026-03-31,0.1539,0.4103,0.0717,0.134,5299623936,18.579,0.698,1826400000,2.86,1.658,29.3497,16.5017,4.5242,4.097,25220837603,4.759,15.6152,104073413,142818904,0.0,34.178999999999995,0.0164,72.87089459809887,agree,1118955.5555555555,44806896.63333334,False
TBBB,TBBB,BBB Foods Inc.,NYSE,Consumer Defensive,Discount Stores,Consumer Staples,Consumer Staples Distribution & Retail,Consumer Staples Distribution & Retail,Food Retail,False,2024-02-09,NaN,Mexico,Mexico,4457357312,4457.3573,-85314000.0,NaN,NaN,42.814,2.0372,NaN,NaN,-1.65,-11.28,-10.53,0.49,-3.731,2026-03-31,-0.0395,-0.0009,-0.0229,-0.7837,83881500672,723.919,0.334,13603941376,-1.65,2.497,0.0,163.9344,0.0531,18.0733,5062460771,1.0495,102.0077,61461325,62638444,0.0,108.905,0.0729,98.1207722848288,agree,1008819.2222222222,27923103.207460318,False
TGS,TGS,Transportadora de Gas del Sur SA ADR,NYSE,Energy,Oil & Gas Integrated,Energy,Energy,"Oil, Gas & Consumable Fuels",Oil & Gas Storage & Transportation,False,1994-11-17,ADR,Argentina,Argentina,4570765312,4570.7653,1011666190336.0,14.5962,0.0,38.2143,14.9171,0.0,0.0312,2.08,3.13,2.7403,0.813,0.688,2026-03-31,0.2467,0.515,0.1063,0.1434,1777263050752,11805.03,0.413,979987070976,2.08,0.403,14.5962,8.5616,0.0026,1.7872,4404327467,3.5239,6.1737,156724852,69513693,0.0,15.076999999999998,0.0081,NaN,agree,335282.5396825397,9074151.946349205,False
TS,TS,Tenaris SA ADR,NYSE,Energy,Oil & Gas Equipment & Services,Energy,Energy,Energy Equipment & Services,Oil & Gas Equipment & Services,False,2002-12-16,ADR,Luxembourg,Argentina,30632470528,30632.4705,2826875904.0,15.9684,3.1501,63.2167,16.931,0.89,0.0293,3.8,3.7526,3.9996,0.8726,0.8307,2026-03-31,0.1617,0.1896,0.0699,0.1163,12159403008,11.7,0.061,4711634944,3.8,0.137,15.9684,15.7729,2.5192,1.792,27519306627,2.2632,8.572,316693702,504819878,0.001,8.041,0.0228,62.73399994760111,tax-haven,1456471.4285714286,52011462.70523809,False
TX,TX,Ternium SA ADR,NYSE,Basic Materials,Steel,Materials,Materials,Metals & Mining,Steel,False,2006-02-01,ADR,Luxembourg,Argentina,9750601728,9750.6017,1555947008.0,16.5567,0.1283,48.9231,60.845,2.2,0.0443,3.0,4.495,5.0155,0.9001,1.0404,2026-03-31,0.0366,0.0737,0.0225,0.0323,15610249216,79.519,0.0,2495590912,3.0,2.181,16.5567,9.1743,0.6246,0.7994,9618978346,0.6162,5.4724,429599720,196307678,0.0,16.553,0.0099,NaN,tax-haven,260358.73015873015,6988527.294444443,False
UGP,UGP,Ultrapar Participacoes SA ADR,NYSE,Energy,Oil & Gas Refining & Marketing,Energy,Energy,"Oil, Gas & Consumable Fuels",Oil & Gas Storage & Transportation,False,1999-10-07,ADR,Brazil,Brazil,5863454720,5863.4547,7386925056.0,9.5263,0.7813,6.366,2.8213,1.3,0.0582,0.57,0.6378,0.594,0.1345,0.137,2026-03-31,0.0206,0.0498,0.083,0.1918,145791844352,136.838,0.103,10391147520,0.57,1.674,9.5263,11.8064,0.0402,1.7665,8585090425,0.2972,4.7299,645311020,1068767319,0.0,6.114,0.005,60.37900004313287,agree,1704487.3015873015,4614100.707460318,False
VALE,VALE,Vale SA ADR,NYSE,Basic Materials,Other Industrial Metals & Mining,Materials,Materials,Metals & Mining,Steel,False,2002-03-21,ADR Primary,Brazil,Brazil,70384623616,70384.6236,77895000064.0,25.0152,0.3442,17.264,8.6303,1.26,0.3319,0.66,2.0528,2.0108,0.5025,0.5767,2026-03-31,0.0726,0.2812,0.0819,0.0684,214864003072,50.334,0.027,75364999168,0.66,0.22,25.0152,8.0515,0.3276,1.9204,87398406741,2.2103,8.2033,3962007729,4263150953,0.003,28.660000000000004,0.0117,92.9361350953786,agree,33722663.49206349,282810356.3444444,False
VIST,VIST,Vista Oil Gas ADR,NYSE,Energy,Oil & Gas E&P,Energy,Energy,"Oil, Gas & Consumable Fuels",Oil & Gas Exploration & Production,False,2019-07-26,ADR,Mexico,Argentina,8269025792,8269.0258,1769825024.0,10.8163,NaN,97.9913,24.081,NaN,NaN,6.86,191.8964,184.8336,22.9575,58.017,2026-03-31,0.2565,0.2492,0.093,0.3508,2900752896,27.748,0.973,2356261120,6.86,0.19,10.8163,12.5,2.8506,3.1347,11301910580,3.8962,5.3364,90178883,111442402,3.519,57.876000000000005,0.028,80.91972299735608,regional-shift,888915.7619047619,45893912.88761905,False
XP,XP,Xp Inc,NASDAQ,Financial Services,Capital Markets,Financials,Financial Services,Capital Markets,Investment Banking & Brokerage,False,2019-12-11,ADR,Cayman Islands,Brazil,8613012480,8613.0125,3554560000.0,8.5051,NaN,24.3592,9.0831,2.035,0.012,1.96,10.8539,12.3422,2.5335,2.6913,2026-03-31,0.2885,0.2995,0.0137,0.2294,18177300480,34.747,0.097,12555014144,1.96,0.089,8.5051,9.5329,0.4738,1.8567,15242243435,9.3771,12.7251,411771245,414924961,0.491,100.732,0.0441,99.23993100043936,tax-haven,7555590.476190476,101817598.20777778,False
YPF,YPF,YPF Sociedad Anonima,NYSE,Energy,Oil & Gas Integrated,Energy,Energy,"Oil, Gas & Consumable Fuels",Integrated Oil & Gas,False,1993-06-28,ADR,Argentina,Argentina,21767692288,21767.6923,6986760978432.0,NaN,0.1007,56.4462,28.8331,NaN,NaN,-1.04,5.1365,5.7112,0.88,1.51,2026-03-31,-0.0182,0.1899,0.0539,-0.0294,25325775880192,64619.477,0.428,7587934240768,-1.04,-0.86,0.0,8.1967,0.0009,1.7811,29309466052,1.5735,5.2366,160640744,392358852,0.051,37.452000000000005,0.016,40.94230146233581,agree,1948151.888888889,75908990.45444444,False
