pair,entry_date,exit_date,direction,entry_pos,entry_z,exit_z,n_days,trade_pnl
NU-VTEX,2023-04-21,2023-07-17,SHORT,-1.0,2.216860289326968,0.43051512781866996,87,-1.389833128573843
NU-VTEX,2023-08-17,2023-09-13,LONG,1.0,-2.2423182810432594,-0.37705412073423866,27,-0.08030196355259833
NU-VTEX,2024-01-31,2024-02-02,LONG,1.0,-2.0415283770781936,0.32278219110613565,2,0.35463726782177374
NU-VTEX,2024-02-07,2024-04-18,SHORT,-1.0,2.0015620709299666,0.2083225051830769,71,-1.4654967413469664
NU-VTEX,2024-05-08,2024-07-30,SHORT,-1.0,2.9301718016312295,0.3568787799361885,83,-0.6917917144591315
NU-VTEX,2024-08-16,2024-09-26,SHORT,-1.0,2.26677176136763,0.21202749706614896,41,-0.8365122128554376
NU-VTEX,2024-11-11,2024-11-15,SHORT,-1.0,2.3052710708750546,0.13943467220920086,4,0.6288074902367768
NU-VTEX,2024-12-03,2025-01-23,LONG,1.0,-2.298886080782153,-0.3580866204518449,51,0.1903350316052297
NU-VTEX,2025-08-15,2025-10-16,SHORT,-1.0,2.8581098411954455,0.42296311911125667,62,-1.9438406879045984
NU-VTEX,2025-11-25,2025-12-17,SHORT,-1.0,2.682328128534633,0.304955705065238,22,0.33947250990280486
NU-VTEX,2026-01-05,2026-02-05,SHORT,-1.0,2.3439788911227497,0.4521259918888343,31,0.4388793672423492
NU-VTEX,2026-02-26,2026-04-14,LONG,1.0,-2.2524575734634857,-0.4541314458288613,47,-0.9083402650809207
GLOB-NU,2023-04-25,2023-05-26,LONG,1.0,-2.9512807055603907,-0.2959182818028966,31,-0.834730275931534
GLOB-NU,2023-08-28,2023-10-10,SHORT,-1.0,2.2822931711548256,0.3846417737969685,43,2.150240589881724
GLOB-NU,2024-02-16,2024-06-24,LONG,1.0,-2.7966469966244225,-0.48427919684130727,129,-83.79622648802987
GLOB-NU,2024-08-01,2024-08-09,SHORT,-1.0,2.292789139036448,0.39693872976088046,8,13.747466041378667
GLOB-NU,2024-09-17,2024-09-26,LONG,1.0,-2.158760751345622,-0.08037217737252786,9,6.419603169923866
GLOB-NU,2024-11-20,2025-01-21,SHORT,-1.0,2.1179739846572803,0.44391290479791645,62,-27.983928910068542
GLOB-NU,2025-02-21,2025-07-25,LONG,1.0,-2.007923110419537,-0.44879892090164947,154,-95.35306864456032
GLOB-NU,2025-08-15,2025-11-13,LONG,1.0,-2.2395268637796972,-0.11353581785479101,90,-56.357701942310754
GLOB-NU,2025-11-26,2025-12-05,LONG,1.0,-2.6597832824769982,-0.2822785017697271,9,0.41267837652820916
GLOB-NU,2026-01-05,2026-01-13,LONG,1.0,-2.5970371611679153,-0.21414489986231006,8,15.682573755489809
GLOB-NU,2026-01-22,2026-04-09,LONG,1.0,-2.158846976902424,0.47846291992812245,77,34.95864693344791
GLOB-NU,2026-05-15,2026-05-29,SHORT,-1.0,2.2964458571445174,1.217412053391074,14,14.153713754526425
MELI-NU,2023-05-24,2023-07-31,LONG,1.0,-2.0846249851456906,-0.47774562968170536,68,-138.36634507212113
MELI-NU,2023-08-30,2023-09-26,SHORT,-1.0,2.292563657623329,0.45944903459105163,27,44.48549274798384
MELI-NU,2023-11-27,2024-01-03,SHORT,-1.0,2.200430506469456,0.4877178969362152,37,66.8000909819484
MELI-NU,2024-02-23,2024-05-02,LONG,1.0,-2.174940283124939,-0.26258867297366895,69,-221.44513257765277
MELI-NU,2024-05-20,2024-06-05,SHORT,-1.0,2.031155878501114,0.3343901808417093,16,137.07297277468345
MELI-NU,2024-08-02,2024-10-15,SHORT,-1.0,2.9866173691009603,0.38547225105444766,74,-34.761930095773494
MELI-NU,2024-10-29,2024-11-01,LONG,1.0,-2.0376414630271147,0.23460249921948312,3,50.015946509042294
MELI-NU,2024-11-07,2024-11-19,LONG,1.0,-5.129195474741839,-0.4882835312430937,12,253.51661627828275
MELI-NU,2025-02-20,2025-04-01,SHORT,-1.0,2.4574548625763755,0.22951160168064932,40,-64.82043405401544
MELI-NU,2025-05-08,2025-06-11,SHORT,-1.0,2.0444051920018644,0.28831231902448207,34,-47.78098241486177
MELI-NU,2025-09-02,2025-10-30,LONG,1.0,-2.030181077487301,-0.311387635025742,58,-173.99935479629676
MELI-NU,2025-11-20,2026-01-06,LONG,1.0,-2.2025597529467946,-0.21208916449339105,47,58.9950705377384
MELI-NU,2026-02-06,2026-04-07,LONG,1.0,-2.240509884449207,-0.32750592876874357,60,-35.62901362307963
MELI-NU,2026-05-07,2026-05-11,SHORT,-1.0,2.096596312671271,-2.071519355116813,4,202.96900568214446
MELI-NU,2026-05-11,2026-05-18,LONG,1.0,-2.071519355116813,-0.0765952052499235,7,134.81964700670693
PAGS-VTEX,2023-04-14,2023-05-26,SHORT,-1.0,2.584205009820424,0.3230303763365669,42,-1.8580109885658853
PAGS-VTEX,2023-07-17,2023-08-01,LONG,1.0,-2.0550507194470278,-0.40857524179038557,15,1.5392409899381136
PAGS-VTEX,2023-08-22,2023-09-22,LONG,1.0,-2.1362964082293305,-0.3495086558532254,31,0.6641110302614777
PAGS-VTEX,2023-11-08,2023-12-01,LONG,1.0,-2.93822517411723,-0.03904919481448611,23,1.5639236230599312
PAGS-VTEX,2024-03-04,2024-03-21,LONG,1.0,-2.124901196922126,-0.263470953175333,17,0.5291915873331918
PAGS-VTEX,2024-05-10,2024-06-13,SHORT,-1.0,2.118262007196516,0.31126711468970164,34,1.0142868175753785
PAGS-VTEX,2024-07-15,2024-08-08,SHORT,-1.0,2.002258959552594,0.004097687945461505,24,1.5434893406604864
PAGS-VTEX,2024-08-23,2024-11-06,LONG,1.0,-2.034675463120045,-0.4636776479720993,75,-2.0794991156127507
PAGS-VTEX,2025-01-22,2025-01-27,LONG,1.0,-2.210448501262846,-0.3244743309425807,5,0.165850314345459
PAGS-VTEX,2025-01-28,2025-02-04,LONG,1.0,-2.734218111690143,0.10364674599244014,7,0.36828194411159837
PAGS-VTEX,2025-02-25,2025-05-07,SHORT,-1.0,2.775502673842563,0.061995546050044495,71,-2.5935718364729943
PAGS-VTEX,2025-05-27,2025-06-24,LONG,1.0,-2.676218582186964,-0.3971518099106583,28,0.38377370057273685
PAGS-VTEX,2025-08-08,2025-10-06,SHORT,-1.0,5.345460201078466,0.43095906666450756,59,-0.626120121122526
PAGS-VTEX,2025-11-11,2026-02-27,SHORT,-1.0,2.0411778610028,0.3244431706679824,108,-2.6621956095235113
CEPU-VIST,2023-03-31,2023-04-26,LONG,1.0,-2.006213786451842,-0.42923198346884145,26,0.24014570273974722
CEPU-VIST,2023-05-30,2023-06-21,SHORT,-1.0,2.030107371110409,0.4628468206503328,22,0.018083225076939824
CEPU-VIST,2023-07-10,2023-08-24,LONG,1.0,-2.009909877183534,-0.28642780773347387,45,0.032052021818403054
CEPU-VIST,2023-09-15,2023-10-18,LONG,1.0,-2.2148464260961687,-0.4829664080735473,33,-0.5076317790229927
CEPU-VIST,2023-11-27,2024-02-07,SHORT,-1.0,2.0629732993811296,-0.005006096165205806,72,-1.3129535980493574
CEPU-VIST,2024-02-26,2024-04-03,LONG,1.0,-2.0526034057697258,-0.43269732592542404,37,-0.2242753399853299
CEPU-VIST,2024-06-25,2024-09-04,LONG,1.0,-2.025905228142028,-0.2986749267523088,71,-0.730913008019483
CEPU-VIST,2024-09-11,2024-09-24,SHORT,-1.0,2.1180093966147266,0.3845591973780521,13,0.5037723396271159
CEPU-VIST,2024-11-07,2025-01-13,SHORT,-1.0,2.2037086194378297,0.159411703733163,67,-1.4850318269703395
CEPU-VIST,2025-04-24,2025-05-09,LONG,1.0,-2.1396620790364875,0.03487562655239621,15,0.1719551957174994
CEPU-VIST,2025-05-20,2025-06-02,SHORT,-1.0,2.2735514161177797,0.1101048808002932,13,0.6058311516461872
CEPU-VIST,2025-08-07,2025-08-19,SHORT,-1.0,2.0811373200346006,0.4311193807650408,12,0.7361255655247269
CEPU-VIST,2025-09-18,2025-10-13,LONG,1.0,-2.0155784859750323,-0.4889372910627847,25,0.17070408404243942
CEPU-VIST,2025-10-29,2026-01-13,SHORT,-1.0,2.114814431571069,0.3450001292409683,76,-2.2201004693267112
CEPU-VIST,2026-03-03,2026-04-08,LONG,1.0,-2.2790213660369596,-0.1487621709340576,36,-0.27675133562760124
CEPU-VIST,2026-04-29,2026-05-27,LONG,1.0,-2.098508761851391,-0.49340331545568755,28,0.10764964388770526
NU-XP,2023-05-23,2023-05-26,SHORT,-1.0,2.0426409897274596,0.02504105241578821,3,0.19709810491339005
NU-XP,2023-06-21,2023-06-28,LONG,1.0,-2.674978860208873,-0.22173526066419508,7,0.560741028585379
NU-XP,2023-07-20,2023-08-15,LONG,1.0,-2.743741482181311,-0.40015077118414494,26,0.1685792582698432
NU-XP,2023-08-23,2023-09-22,LONG,1.0,-2.533056999594224,-0.4938073040193372,30,0.6320920008362453
NU-XP,2023-10-11,2023-11-15,SHORT,-1.0,2.4918644335159756,0.46649768239889006,35,-0.8543719692593241
NU-XP,2024-02-09,2024-07-29,SHORT,-1.0,2.0969420076827814,0.4828063711316439,171,-4.8452863380281475
NU-XP,2024-08-19,2024-09-26,SHORT,-1.0,2.0218415845224125,0.44888796475878484,38,-1.0558588585119886
NU-XP,2024-11-11,2024-11-15,SHORT,-1.0,2.5826841838396186,0.1029785536210994,4,0.47432748576677297
NU-XP,2024-12-18,2025-01-21,LONG,1.0,-2.3490107163733907,-0.375586270749642,34,1.095822128408234
NU-XP,2025-02-21,2025-03-14,LONG,1.0,-2.0994496332126475,-0.4159410498080243,21,0.1783374366887197
NU-XP,2025-07-17,2025-07-31,SHORT,-1.0,2.1169082415625406,0.39022005473627464,14,0.786799536020159
NU-XP,2025-08-20,2025-11-13,SHORT,-1.0,2.2510292891427715,-0.2946588130718648,85,-1.502488796135584
NU-XP,2025-11-25,2026-01-13,SHORT,-1.0,2.4662133701390636,0.489600714703883,49,-0.6930524286838793
NU-XP,2026-02-23,2026-05-01,LONG,1.0,-3.350982108332483,-0.4980188604401857,67,-0.8602397499401848
NU-XP,2026-05-15,2026-05-29,LONG,1.0,-2.511062403713743,-0.4610995470887655,14,1.0246022424964867
ERJ-NU,2023-03-23,2023-04-27,SHORT,-1.0,2.401136627691019,0.3368899209920292,35,0.6809513151267348
ERJ-NU,2023-10-05,2023-11-03,LONG,1.0,-2.0803856452112077,-0.3595546395637577,29,0.5286302765749448
ERJ-NU,2023-11-30,2024-01-04,SHORT,-1.0,2.399287751128537,0.456808805099904,35,-0.08575699264298886
ERJ-NU,2024-03-14,2024-06-14,SHORT,-1.0,2.359548394742492,0.3958431197003759,92,-5.901485409242756
ERJ-NU,2024-09-04,2024-10-09,SHORT,-1.0,2.1335048223637485,0.4626455145488737,35,0.347902100476813
ERJ-NU,2024-11-11,2025-02-04,SHORT,-1.0,2.2507545924419077,0.42601595914349677,85,-4.8038604898467945
ERJ-NU,2025-02-05,2025-04-02,SHORT,-1.0,2.6669989529027225,0.45352753668435414,56,-3.921021464197757
ERJ-NU,2025-06-18,2025-07-16,SHORT,-1.0,2.4692093340279326,0.044974071004139575,28,1.166197490880518
ERJ-NU,2025-07-31,2025-08-20,SHORT,-1.0,2.045891289744364,0.43167287274521265,20,2.4554558292609725
ERJ-NU,2025-10-28,2025-11-21,SHORT,-1.0,2.9859128324150963,0.00039607117218749843,24,4.150698177762644
MELI-VTEX,2023-06-26,2023-07-31,LONG,1.0,-2.6734676385077085,-0.44508662746236266,35,35.30378749216092
MELI-VTEX,2023-09-01,2023-09-21,SHORT,-1.0,2.4689827949912764,0.4816020141508252,20,57.87969964915655
MELI-VTEX,2023-11-24,2024-01-03,SHORT,-1.0,2.036161965793027,0.404808295493703,40,-3.722419293185368
MELI-VTEX,2024-02-22,2024-02-23,SHORT,-1.0,2.274403924372454,-0.4165423730641299,1,-1.0696708605849325
MELI-VTEX,2024-03-05,2024-05-02,LONG,1.0,-2.1422948166914826,-0.21030521366065688,58,-32.53412046051261
MELI-VTEX,2024-05-17,2024-06-11,SHORT,-1.0,2.010755041301466,0.41277845226082344,25,130.15072349827057
MELI-VTEX,2024-08-02,2024-10-02,SHORT,-1.0,2.529878058254695,0.2888628114621257,61,-236.5705671574063
MELI-VTEX,2024-11-07,2024-11-22,LONG,1.0,-3.6626602425009924,-0.06276919796816349,15,207.43671475766013
MELI-VTEX,2024-12-09,2025-01-16,LONG,1.0,-2.0753113031566746,-0.4735676579390442,38,-3.28787623600698
MELI-VTEX,2025-02-14,2025-03-31,SHORT,-1.0,2.139674250825342,0.03585131406265414,45,5.859896741551097
MELI-VTEX,2025-04-29,2025-06-10,SHORT,-1.0,2.120858786416796,0.46021757660565127,42,-116.74362751031265
MELI-VTEX,2025-10-01,2025-10-27,LONG,1.0,-2.6129714669646327,-0.3138785912999466,26,-25.6908486484935
MELI-VTEX,2025-11-20,2025-12-04,LONG,1.0,-2.2373631087280232,-0.41914278685047146,14,204.24232477515295
MELI-VTEX,2026-01-27,2026-02-03,SHORT,-1.0,2.0867355851566005,0.4520570986053699,7,136.9790203297904
MELI-VTEX,2026-02-25,2026-04-13,LONG,1.0,-2.8140280577130503,-0.3876438762413356,47,-41.29139659879223
BBAR-SUPV,2023-04-13,2023-05-03,SHORT,-1.0,2.089851634871942,0.4979023156324841,20,0.043307928813179436
BBAR-SUPV,2023-06-06,2023-07-14,SHORT,-1.0,2.0098399823718394,0.02814912565429183,38,-0.06189611981772031
BBAR-SUPV,2023-11-20,2023-11-22,SHORT,-1.0,2.847285693348417,-2.5670072479862083,2,0.1860131173361738
BBAR-SUPV,2023-11-22,2024-01-26,LONG,1.0,-2.5670072479862083,-0.4627021883271009,65,-0.49674443855554673
BBAR-SUPV,2024-03-05,2024-05-23,SHORT,-1.0,2.25730948006412,-0.24339875020237947,79,-0.7503004393163422
BBAR-SUPV,2024-06-03,2024-06-06,SHORT,-1.0,2.108357886397524,0.4071515838193415,3,0.15150132218209314
BBAR-SUPV,2024-06-28,2024-07-09,LONG,1.0,-2.3866140189650573,0.24570563721333294,11,0.4260708462332897
BBAR-SUPV,2024-08-15,2024-08-26,SHORT,-1.0,2.5673354498938146,0.47616837065503265,11,0.2429100896303119
BBAR-SUPV,2024-09-04,2024-11-27,SHORT,-1.0,3.114036936484992,0.4459542225148233,84,-1.421376817200494
BBAR-SUPV,2024-12-18,2025-01-02,LONG,1.0,-2.30532675660267,-0.0324881105179837,15,0.900039366225807
BBAR-SUPV,2025-05-13,2025-05-20,SHORT,-1.0,2.5708849209966576,0.16046423356701117,7,0.3592454909097462
BBAR-SUPV,2025-05-21,2025-05-22,SHORT,-1.0,2.017538497093557,-0.475607748985249,1,-0.01920348790418227
BBAR-SUPV,2025-05-27,2025-07-01,SHORT,-1.0,2.6349190732893186,0.4037988441844121,35,-0.04296681240640299
BBAR-SUPV,2025-08-26,2025-10-27,LONG,1.0,-2.060622221336957,-0.13830111028045222,62,-0.8897233267766957
BBAR-SUPV,2025-11-26,2026-02-09,SHORT,-1.0,2.5427336890593817,0.35550428211573665,75,-2.0347138972583965
BBAR-SUPV,2026-05-11,2026-05-29,SHORT,-1.0,2.706289256004914,2.5635946726723398,18,-1.1042616869902768
PAX-VINP,2023-05-22,2023-06-08,SHORT,-1.0,2.6409801525600556,0.27778792211839626,17,0.1730174640690691
PAX-VINP,2023-06-16,2023-06-22,LONG,1.0,-2.1765885274848666,-0.3085605769022937,6,0.5447860570539158
PAX-VINP,2023-06-26,2023-07-17,LONG,1.0,-3.2172485472008865,-0.40994913575825526,21,0.6606276575210551
PAX-VINP,2023-10-11,2023-11-10,LONG,1.0,-2.31761568534658,-0.42425472018668253,30,-0.02214905099851805
PAX-VINP,2023-12-14,2024-01-08,SHORT,-1.0,2.0510127203637873,0.3646395252333446,25,0.38198301568838244
PAX-VINP,2024-04-26,2024-07-15,LONG,1.0,-2.159743167168015,-0.39692913053674816,80,-0.8209511693575298
PAX-VINP,2024-08-01,2024-08-30,LONG,1.0,-2.2870024920964935,-0.21135458449807262,29,-0.00736221291502448
PAX-VINP,2024-11-06,2024-12-18,SHORT,-1.0,2.452289944631912,0.4918555141454831,42,-0.4973286864829153
PAX-VINP,2025-03-28,2025-05-06,LONG,1.0,-2.0602886204861037,-0.41605058931626315,39,-0.2156220997017343
PAX-VINP,2025-05-13,2025-07-21,SHORT,-1.0,2.0827244315377844,0.3872200085268052,69,-1.5095210201897467
PAX-VINP,2025-09-15,2025-09-26,SHORT,-1.0,2.358952247609696,0.23952030239510144,11,0.3983678271409654
PAX-VINP,2026-01-05,2026-01-27,SHORT,-1.0,2.50133779715077,-0.13255536600568535,22,-0.21269963957506177
PAX-VINP,2026-05-13,2026-05-27,LONG,1.0,-2.025013356804728,-0.4019275327230076,14,0.38226207833276593
NU-VLRS,2023-05-08,2023-08-31,SHORT,-1.0,3.0423803278757977,0.3924278523076029,115,-1.8359737515853478
NU-VLRS,2023-09-28,2023-11-27,SHORT,-1.0,2.2812600859039476,0.3967615683236703,60,-0.940668050299079
NU-VLRS,2024-02-07,2024-04-15,SHORT,-1.0,2.069106297972663,0.31598747983572195,68,-1.9588423120108804
NU-VLRS,2024-06-21,2024-07-29,SHORT,-1.0,2.0151856110739286,0.44295110554701306,38,-0.1283166080924798
NU-VLRS,2024-08-15,2024-09-26,SHORT,-1.0,2.232811323353253,0.19405690901823316,42,-0.7815273838832368
NU-VLRS,2024-11-18,2025-01-23,LONG,1.0,-2.2582772051950295,-0.4841070361393218,66,-1.9339574450075183
NU-VLRS,2025-05-14,2025-05-29,SHORT,-1.0,2.1575352994740427,0.4734830728586845,15,1.3604981401516745
NU-VLRS,2025-09-08,2025-10-10,SHORT,-1.0,2.0898201931671267,0.39777033859804334,32,0.13798660951150543
NU-VLRS,2025-11-26,2025-12-16,SHORT,-1.0,2.79587618346861,-0.21437318232779887,20,0.800821581475397
NU-VLRS,2026-01-27,2026-02-09,SHORT,-1.0,2.3464766515560695,-0.3112136732904979,13,1.4746669137750608
NU-VLRS,2026-02-26,2026-04-13,LONG,1.0,-3.0418115860434387,-0.45732669105800544,46,0.3632093724578477
NU-VLRS,2026-05-13,2026-05-29,LONG,1.0,-2.521699395720942,-1.6591837713614899,16,0.09130852128475381
NU-PAX,2023-05-02,2023-07-14,SHORT,-1.0,2.595085179005908,0.46166388747202064,73,-1.508863389252193
NU-PAX,2023-10-11,2023-11-15,SHORT,-1.0,3.011466580744977,0.3438007116645702,35,-0.7354012429576715
NU-PAX,2023-12-27,2024-01-05,LONG,1.0,-2.121130330336426,-0.37182805835514343,9,1.1124495521733007
NU-PAX,2024-02-13,2024-02-20,SHORT,-1.0,2.2314955978943103,0.38741944508412285,7,1.3255309175831964
NU-PAX,2024-05-02,2024-07-25,SHORT,-1.0,2.02511172687271,0.06523344636849619,84,-1.5586554163075697
NU-PAX,2024-08-14,2024-10-01,SHORT,-1.0,2.468760687110752,0.48419083957954917,48,-0.7956511806773476
NU-PAX,2024-11-18,2025-01-16,LONG,1.0,-2.3150142706767105,-0.4100059637064727,59,-2.0496221003276176
NU-PAX,2025-06-10,2025-07-14,LONG,1.0,-2.000076488766446,-0.3462982440575896,34,0.8579783642780301
NU-PAX,2025-08-20,2025-10-13,SHORT,-1.0,2.4028261872550996,0.49931112729076943,54,-0.4438255253343525
NU-PAX,2025-11-18,2025-11-25,LONG,1.0,-2.2763159681163034,2.6795323254228176,7,1.0732168108307862
NU-PAX,2025-11-25,2025-12-05,SHORT,-1.0,2.6795323254228176,-0.012687447465640695,10,0.9353093975130254
NU-PAX,2025-12-10,2026-01-23,LONG,1.0,-2.2315137211965066,-0.49257973357949913,44,-0.22962615251552543
NU-PAX,2026-01-28,2026-02-26,SHORT,-1.0,2.2736019743304983,0.15612540435554534,29,-0.341876529309609
CX-NU,2023-04-12,2023-05-22,SHORT,-1.0,2.381414385658486,0.01049274358411445,40,0.013250058629932115
CX-NU,2023-08-07,2023-09-07,SHORT,-1.0,2.0670609501019204,0.4109147458584245,31,-0.10674094492106789
CX-NU,2023-10-05,2023-11-08,LONG,1.0,-2.4519128330439592,-0.3924654184019976,34,0.3817391471608116
CX-NU,2023-12-14,2024-01-16,SHORT,-1.0,2.3141795984073106,0.02325329261157219,33,0.32146641489502176
CX-NU,2024-02-29,2024-03-26,LONG,1.0,-2.0167091115872817,-0.14792337067466113,26,0.487411445085572
CX-NU,2024-05-07,2024-08-01,LONG,1.0,-2.144257071185709,-0.46739860879318007,86,-1.3992312361511043
CX-NU,2024-08-26,2024-09-26,LONG,1.0,-2.039768082834707,-0.017533024793688467,31,-0.014427597021205996
CX-NU,2024-10-28,2024-11-18,LONG,1.0,-2.41101382922997,-0.183471471793523,21,0.5702677069266744
CX-NU,2025-02-21,2025-03-14,SHORT,-1.0,2.7189182395331652,0.16840146104096793,21,0.5979070239209923
CX-NU,2025-05-21,2025-06-24,SHORT,-1.0,2.2767516361757263,0.057370704251293494,34,0.33000396299640977
CX-NU,2025-07-21,2025-09-10,SHORT,-1.0,2.047594881821607,0.3014221299151388,51,-0.6309975358344702
CX-NU,2025-10-28,2026-03-03,SHORT,-1.0,2.0264386423904397,0.33643727188275463,126,-2.1793823694528016
CX-NU,2026-04-23,2026-05-29,SHORT,-1.0,2.5089716170753524,1.5059558941544149,36,-1.1194885595694533
DLO-VTEX,2023-03-31,2023-04-05,SHORT,-1.0,2.258363282888993,-4.2342238123002645,5,-0.8364991654414267
DLO-VTEX,2023-04-05,2023-04-21,LONG,1.0,-4.2342238123002645,-0.31249509333019815,16,5.236184371692468
DLO-VTEX,2023-05-04,2023-05-08,LONG,1.0,-2.102361936932185,-0.33998662662547474,4,0.5327164245425965
DLO-VTEX,2023-05-26,2023-07-12,LONG,1.0,-3.5544991346511483,-0.3292091270272802,47,0.4986699056704147
DLO-VTEX,2023-08-16,2023-10-06,SHORT,-1.0,4.690966907810558,0.4809290772302003,51,1.7516552280914182
DLO-VTEX,2023-11-10,2024-02-15,LONG,1.0,-2.3294076705159945,-0.4803660829747945,97,-2.233472624625529
DLO-VTEX,2024-03-07,2024-03-18,LONG,1.0,-2.334577315883401,-0.42983112911147914,11,1.7927667284962672
DLO-VTEX,2024-03-19,2024-04-04,LONG,1.0,-2.296799789368259,-0.25083106563586444,16,1.5002154853719067
DLO-VTEX,2024-05-15,2024-07-29,LONG,1.0,-3.8794904060329287,-0.2601441045492823,75,-1.1269048533926678
DLO-VTEX,2024-09-10,2024-09-19,SHORT,-1.0,2.0995333821605935,-0.07626191554185832,9,0.4979361190821117
DLO-VTEX,2024-11-12,2025-02-20,SHORT,-1.0,2.279494287487416,0.2614200876101929,100,-3.63145014882942
DLO-VTEX,2025-02-26,2025-02-28,SHORT,-1.0,5.267242579058612,-0.3847648888044564,2,0.26959454859819915
DLO-VTEX,2025-03-28,2025-05-15,LONG,1.0,-2.045225390653487,-0.07887179669953304,48,-0.26346485295877886
DLO-VTEX,2025-08-08,2025-10-10,SHORT,-1.0,4.566302453570791,0.48966500770647436,63,-3.4701321860896304
DLO-VTEX,2025-11-20,2025-12-08,LONG,1.0,-2.1550300536532965,-0.44246590497633836,18,0.7936788830832602
DLO-VTEX,2026-01-06,2026-02-03,SHORT,-1.0,2.301202360473849,0.3723118045403951,28,0.6370430513218128
DLO-VTEX,2026-03-03,2026-04-10,LONG,1.0,-2.4182958259050102,-0.4148504471394378,38,0.32315292098258797
DLO-MELI,2023-04-14,2023-05-04,LONG,1.0,-2.031175000346721,-0.45621193554242495,20,0.40801165874975753
DLO-MELI,2023-06-02,2023-06-08,LONG,1.0,-2.011446905916642,-0.28430137792544885,6,2.054588334203012
DLO-MELI,2023-07-10,2023-08-10,SHORT,-1.0,3.08891315687287,-2.320805252300208,31,6.789914218176986
DLO-MELI,2023-08-10,2023-08-15,LONG,1.0,-2.320805252300208,0.19203420675807562,5,6.252836127397925
DLO-MELI,2023-08-16,2023-09-01,SHORT,-1.0,2.4760109684249954,0.10626874511971335,16,3.1333224777935103
DLO-MELI,2023-11-14,2024-02-23,LONG,1.0,-2.1769078978588197,0.03172170440693108,101,-15.119467251742645
DLO-MELI,2024-05-08,2024-07-18,LONG,1.0,-2.0431541627859398,-0.4056799714608594,71,-3.836557551666014
DLO-MELI,2024-08-02,2024-10-02,LONG,1.0,-2.4042269695495553,-0.33204871369307465,61,-8.638574735976421
DLO-MELI,2024-11-07,2024-11-25,SHORT,-1.0,4.061834870890086,-0.014702380504823295,18,5.131575295172284
DLO-MELI,2024-12-09,2025-01-28,SHORT,-1.0,2.5189610018837993,0.2766093318969033,50,-0.6171269451799279
DLO-MELI,2025-02-21,2025-03-31,LONG,1.0,-2.845807083156835,-0.40044588958283106,38,2.896687287328092
DLO-MELI,2025-04-29,2025-06-11,LONG,1.0,-2.3835176276781502,-0.4425322907762077,43,-2.1459557766059874
DLO-MELI,2025-08-14,2025-08-28,SHORT,-1.0,2.8140738386113173,0.4462986834003704,14,3.8762239137248766
DLO-MELI,2025-10-01,2025-10-29,SHORT,-1.0,3.394366596919619,0.4505675253501163,28,2.239450425423116
DLO-MELI,2026-02-25,2026-04-13,SHORT,-1.0,2.989689083636236,0.4499049325556064,47,-0.36155768927267307
DLO-MELI,2026-05-11,2026-05-27,SHORT,-1.0,2.2323856168462157,0.05580375200043312,16,4.444196123312368
ASR-CAAP,2023-04-17,2023-05-26,LONG,1.0,-2.5099341769739456,-0.3797932900530304,39,-7.6564263972123925
ASR-CAAP,2023-07-10,2023-10-04,LONG,1.0,-2.6551719805274754,-0.27436237520739515,86,-34.994218211224364
ASR-CAAP,2023-10-05,2023-10-16,LONG,1.0,-2.4275734476793804,-0.30589034218502326,11,18.60766358985762
ASR-CAAP,2023-10-31,2023-11-10,SHORT,-1.0,2.1337017610272127,0.3390538418755937,10,14.065776928514705
ASR-CAAP,2023-11-27,2023-12-14,LONG,1.0,-3.2530547569961645,0.1536420432951458,17,-3.8436105140461443
ASR-CAAP,2024-02-16,2024-03-20,SHORT,-1.0,2.280414074267659,0.46391776972051607,33,4.175907721750351
ASR-CAAP,2024-05-28,2024-06-20,LONG,1.0,-2.5376542125965686,-0.2568432271500686,23,11.759078907977784
ASR-CAAP,2024-08-06,2024-08-09,SHORT,-1.0,2.3775525027202393,0.16848309627144342,3,10.310842289783675
ASR-CAAP,2024-09-12,2024-11-21,LONG,1.0,-2.463775862652865,-0.4839270947047795,70,-56.20844614027814
ASR-CAAP,2024-12-12,2024-12-18,LONG,1.0,-2.0286508302138637,-0.22968900570799677,6,9.915196645358261
ASR-CAAP,2025-02-11,2025-03-12,SHORT,-1.0,2.0270117123597298,0.44863742365804526,29,1.9039027008078815
ASR-CAAP,2025-03-14,2025-05-08,SHORT,-1.0,2.066412352163292,0.3345471409692717,55,-9.006432475982113
ASR-CAAP,2025-08-21,2025-08-25,LONG,1.0,-2.184849493153323,-0.09456319796828673,4,9.744937784725378
ASR-CAAP,2025-09-08,2025-11-28,SHORT,-1.0,4.4533985712840805,-2.171931866809812,81,92.38385167657164
ASR-CAAP,2025-11-28,2026-01-15,LONG,1.0,-2.171931866809812,-0.4979409729476005,48,29.65503118899509
ASR-CAAP,2026-01-29,2026-02-04,LONG,1.0,-2.280009086185217,-0.48231452039263883,6,30.159834545459823
ASR-CAAP,2026-03-06,2026-04-10,SHORT,-1.0,2.060062837905107,0.17523422182386833,35,6.143066077580116
ASR-CAAP,2026-05-27,2026-05-29,LONG,1.0,-2.3906587551672636,-3.223103776557314,2,-14.608680234140186
NU-PAGS,2023-05-19,2023-08-01,SHORT,-1.0,2.7351280048972995,0.35930781857664,74,-1.8049999903332097
NU-PAGS,2023-10-11,2023-11-16,SHORT,-1.0,2.9164000612038743,0.21227762927979113,36,-0.23275649359994044
NU-PAGS,2024-02-14,2024-04-19,SHORT,-1.0,2.6711952278639717,0.3689758294163194,65,-0.9212231180648951
NU-PAGS,2024-05-28,2024-07-24,SHORT,-1.0,2.802600959127196,0.15455088988235427,57,-0.15910844964684034
NU-PAGS,2024-08-02,2024-08-08,LONG,1.0,-2.04868353798114,-0.39063446611625363,6,0.3564215141556244
NU-PAGS,2024-08-19,2024-10-03,SHORT,-1.0,2.0978312372280064,0.4959760107590102,45,-1.083485114959306
NU-PAGS,2024-12-02,2025-01-22,LONG,1.0,-2.476704474905299,-0.3465092818651476,51,-0.14589302629972734
NU-PAGS,2025-07-16,2025-07-28,SHORT,-1.0,2.207057010514,0.3203906430176877,12,1.0094022469759674
NU-PAGS,2025-08-25,2025-10-16,SHORT,-1.0,2.332404238296675,0.42990134061975244,52,-0.7823906903575937
NU-PAGS,2025-11-25,2025-12-16,SHORT,-1.0,2.393260043637395,0.34567988200628347,21,0.03403335359726145
NU-PAGS,2026-01-05,2026-01-13,SHORT,-1.0,2.579094903345861,0.056041517578528155,8,1.0039646759947125
NU-PAGS,2026-01-28,2026-02-04,SHORT,-1.0,2.0070512974582595,-0.26159757665759403,7,0.38457364482797396
NU-PAGS,2026-02-26,2026-04-14,LONG,1.0,-3.9075317122513398,-0.4670638454863814,47,-0.18534153241819862
NU-PAGS,2026-05-15,2026-05-29,LONG,1.0,-2.290877946970959,-1.2607602417968011,14,0.7380525691771915
DLO-PAGS,2023-04-03,2023-04-05,SHORT,-1.0,3.8351645924553437,-3.534600597177779,2,0.22145195932687298
DLO-PAGS,2023-04-05,2023-06-27,LONG,1.0,-3.534600597177779,-0.47480742370853096,83,2.246937486928248
DLO-PAGS,2023-08-15,2023-10-06,SHORT,-1.0,2.3980392053339785,0.43461612833987157,52,-3.608942015418319
DLO-PAGS,2023-11-22,2024-03-06,LONG,1.0,-2.5952694682366753,-0.4706589522004757,105,-2.9053533365609696
DLO-PAGS,2024-03-19,2024-04-05,LONG,1.0,-3.015687785335165,-0.43516424810770515,17,1.3272499739722272
DLO-PAGS,2024-05-15,2024-08-07,LONG,1.0,-4.110427996782035,-0.4778444001115965,84,-1.9594916379805314
DLO-PAGS,2024-08-27,2024-11-04,SHORT,-1.0,2.155949169314033,0.4977854079548039,69,-1.6762327119045084
DLO-PAGS,2024-11-14,2025-02-20,SHORT,-1.0,2.1040727715593355,0.29114987505448187,98,-2.8180327834929453
DLO-PAGS,2025-02-26,2025-02-28,SHORT,-1.0,2.096915263783608,-3.9308744459845797,2,0.0743681927335271
DLO-PAGS,2025-02-28,2025-05-13,LONG,1.0,-3.9308744459845797,-0.4497204470324944,74,2.1654990898595488
DLO-PAGS,2025-08-14,2025-09-04,SHORT,-1.0,6.204685628736724,0.46475200106657,21,1.6225351807712753
DLO-PAGS,2025-11-17,2025-12-10,LONG,1.0,-2.32638849671551,-0.49552245635246606,23,0.6535559043398679
DLO-PAGS,2026-02-03,2026-03-19,LONG,1.0,-2.1500259801162005,-0.1988075131705848,44,-0.5488838408417718
DLO-PAGS,2026-04-24,2026-05-12,SHORT,-1.0,2.1397298517769423,0.27886631465916234,18,0.12720624756559773
DLO-XP,2023-04-03,2023-04-05,SHORT,-1.0,2.1089045205262895,0.16992694716510093,2,0.11000904547327536
DLO-XP,2023-05-17,2023-08-15,LONG,1.0,-2.193747410239568,-0.04534526074841674,90,-9.978690731842205
DLO-XP,2023-08-30,2023-11-07,SHORT,-1.0,2.1711914787750466,0.1980120349055087,69,-1.7755790067372477
DLO-XP,2023-12-05,2024-02-13,LONG,1.0,-2.223214322812647,-0.27364919745454697,70,-2.1234447665127796
DLO-XP,2024-03-19,2024-04-04,LONG,1.0,-2.171715163479486,-0.25202153581776005,16,0.8829287037726852
DLO-XP,2024-04-16,2024-05-03,SHORT,-1.0,2.658690115113224,0.1984897914507822,17,0.6583727900677794
DLO-XP,2024-05-15,2024-05-23,LONG,1.0,-2.0621477550061047,0.2369949473432089,8,4.092454947645608
DLO-XP,2024-10-08,2024-10-18,SHORT,-1.0,2.000831708753343,0.48588045087543646,10,0.8054833495225335
DLO-XP,2024-11-12,2025-02-03,SHORT,-1.0,2.1857006518582294,0.4316153424011581,83,-6.534851489444939
DLO-XP,2025-02-28,2025-04-10,LONG,1.0,-3.378063517553081,-0.3768369603149335,41,0.13844406994912362
DLO-XP,2025-05-08,2025-06-26,LONG,1.0,-2.149486523507836,-0.4617514300062516,49,0.2833803676216875
DLO-XP,2025-07-23,2025-09-05,SHORT,-1.0,2.0537814147797366,0.23380329447679404,44,-0.48600345060483896
DLO-XP,2025-10-09,2025-10-29,SHORT,-1.0,2.0480785251012326,0.3558714785366189,20,1.3640073372134243
DLO-XP,2026-02-19,2026-03-12,LONG,1.0,-2.0492041697237036,-0.30286016535727994,21,0.9473426959499966
BAP-IFS,2023-05-05,2023-05-12,SHORT,-1.0,2.64458588329182,0.2916443600769998,7,4.570851234041342
BAP-IFS,2023-06-15,2023-06-26,SHORT,-1.0,2.449036140834757,0.4599565969655208,11,4.685120152906038
BAP-IFS,2023-07-07,2023-08-14,SHORT,-1.0,2.128489586621369,-0.04595102014349151,38,-0.9407536539111456
BAP-IFS,2023-09-13,2023-10-06,LONG,1.0,-2.2561064081579083,-0.48832197221695145,23,0.6076429079656185
BAP-IFS,2023-12-14,2024-01-05,SHORT,-1.0,2.5123135377642654,0.42354394408490514,22,4.620843266123129
BAP-IFS,2024-02-21,2024-02-29,LONG,1.0,-2.077704395972058,0.0963681874316569,8,1.4638782039242693
BAP-IFS,2024-03-27,2024-05-16,SHORT,-1.0,2.496220368512439,0.4367797641565412,50,-2.5141524883998514
BAP-IFS,2024-10-28,2024-10-30,SHORT,-1.0,2.1307322213765967,0.43163929608660734,2,3.3303428150720267
BAP-IFS,2024-12-06,2025-01-15,LONG,1.0,-2.1424532575946813,-0.3314647041075689,40,-2.3228060532356487
BAP-IFS,2025-02-07,2025-03-25,LONG,1.0,-2.055085548141077,-0.4977095549391643,46,-4.203683571222494
BAP-IFS,2025-05-27,2025-10-02,SHORT,-1.0,2.369872085567459,0.17047437504188517,128,-35.165011806285314
BAP-IFS,2025-10-20,2025-11-10,LONG,1.0,-2.279540447533007,-0.04213211309200577,21,1.7386316729894462
BAP-IFS,2025-12-04,2026-02-11,SHORT,-1.0,2.609714801028193,0.4198959703059943,69,-19.905113112201406
BAP-IFS,2026-04-27,2026-05-08,LONG,1.0,-2.109952929614088,-0.4715711657147219,11,2.120743848246283
