trade_id,pair,entry_z,exit_z,n_days,trade_pnl,entry_stress,stress_band,halflife,reversion
0,NU-VTEX,2.216860289326968,0.4305151278186699,87,-1.389833128573843,2.216860289326968,stress,5.8405589604282016,FAST
1,NU-VTEX,-2.2423182810432594,-0.3770541207342386,27,-0.0803019635525983,2.2423182810432594,stress,5.8405589604282016,FAST
2,NU-VTEX,-2.0415283770781936,0.3227821911061356,2,0.3546372678217737,2.0415283770781936,stress,5.8405589604282016,SLOW
3,NU-VTEX,2.001562070929966,0.2083225051830769,71,-1.4654967413469664,2.001562070929966,stress,5.8405589604282016,FAST
4,NU-VTEX,2.9301718016312295,0.3568787799361885,83,-0.6917917144591315,2.9301718016312295,stress,5.8405589604282016,FAST
5,NU-VTEX,2.26677176136763,0.2120274970661489,41,-0.8365122128554376,2.26677176136763,stress,5.8405589604282016,FAST
6,NU-VTEX,2.3052710708750546,0.1394346722092008,4,0.6288074902367768,2.3052710708750546,stress,5.8405589604282016,SLOW
7,NU-VTEX,-2.298886080782153,-0.3580866204518449,51,0.1903350316052297,2.298886080782153,stress,5.8405589604282016,FAST
8,NU-VTEX,2.8581098411954455,0.4229631191112566,62,-1.9438406879045984,2.8581098411954455,stress,5.8405589604282016,FAST
9,NU-VTEX,2.682328128534633,0.304955705065238,22,0.3394725099028048,2.682328128534633,stress,5.8405589604282016,FAST
10,NU-VTEX,2.3439788911227497,0.4521259918888343,31,0.4388793672423492,2.3439788911227497,stress,5.8405589604282016,FAST
11,NU-VTEX,-2.2524575734634857,-0.4541314458288613,47,-0.9083402650809208,2.2524575734634857,stress,5.8405589604282016,FAST
12,GLOB-NU,-2.9512807055603907,-0.2959182818028966,31,-0.834730275931534,2.9512807055603907,stress,6.268469659188239,FAST
13,GLOB-NU,2.2822931711548256,0.3846417737969685,43,2.150240589881724,2.2822931711548256,stress,6.268469659188239,FAST
14,GLOB-NU,-2.7966469966244225,-0.4842791968413072,129,-83.79622648802987,2.7966469966244225,stress,6.268469659188239,FAST
15,GLOB-NU,2.292789139036448,0.3969387297608804,8,13.747466041378669,2.292789139036448,stress,6.268469659188239,FAST
16,GLOB-NU,-2.158760751345622,-0.0803721773725278,9,6.419603169923866,2.158760751345622,stress,6.268469659188239,FAST
17,GLOB-NU,2.1179739846572803,0.4439129047979164,62,-27.983928910068546,2.1179739846572803,stress,6.268469659188239,FAST
18,GLOB-NU,-2.007923110419537,-0.4487989209016494,154,-95.35306864456032,2.007923110419537,stress,6.268469659188239,FAST
19,GLOB-NU,-2.2395268637796972,-0.113535817854791,90,-56.357701942310754,2.2395268637796972,stress,6.268469659188239,FAST
20,GLOB-NU,-2.6597832824769982,-0.2822785017697271,9,0.4126783765282091,2.6597832824769982,stress,6.268469659188239,FAST
21,GLOB-NU,-2.5970371611679153,-0.21414489986231,8,15.682573755489807,2.5970371611679153,stress,6.268469659188239,FAST
22,GLOB-NU,-2.158846976902424,0.4784629199281224,77,34.95864693344791,2.158846976902424,stress,6.268469659188239,FAST
23,GLOB-NU,2.2964458571445174,1.217412053391074,14,14.153713754526423,2.2964458571445174,stress,6.268469659188239,FAST
24,MELI-NU,-2.0846249851456906,-0.4777456296817053,68,-138.3663450721211,2.0846249851456906,stress,6.812048070720778,FAST
25,MELI-NU,2.292563657623329,0.4594490345910516,27,44.48549274798384,2.292563657623329,stress,6.812048070720778,FAST
26,MELI-NU,2.200430506469456,0.4877178969362152,37,66.8000909819484,2.200430506469456,stress,6.812048070720778,FAST
27,MELI-NU,-2.174940283124939,-0.2625886729736689,69,-221.44513257765277,2.174940283124939,stress,6.812048070720778,FAST
28,MELI-NU,2.031155878501114,0.3343901808417093,16,137.07297277468345,2.031155878501114,stress,6.812048070720778,FAST
29,MELI-NU,2.9866173691009603,0.3854722510544476,74,-34.761930095773494,2.9866173691009603,stress,6.812048070720778,FAST
30,MELI-NU,-2.0376414630271147,0.2346024992194831,3,50.015946509042294,2.0376414630271147,stress,6.812048070720778,SLOW
31,MELI-NU,-5.129195474741839,-0.4882835312430937,12,253.51661627828275,5.129195474741839,extreme,6.812048070720778,FAST
32,MELI-NU,2.4574548625763755,0.2295116016806493,40,-64.82043405401544,2.4574548625763755,stress,6.812048070720778,FAST
33,MELI-NU,2.0444051920018644,0.288312319024482,34,-47.78098241486177,2.0444051920018644,stress,6.812048070720778,FAST
34,MELI-NU,-2.030181077487301,-0.311387635025742,58,-173.99935479629676,2.030181077487301,stress,6.812048070720778,FAST
35,MELI-NU,-2.202559752946794,-0.212089164493391,47,58.9950705377384,2.202559752946794,stress,6.812048070720778,FAST
36,MELI-NU,-2.240509884449207,-0.3275059287687435,60,-35.62901362307963,2.240509884449207,stress,6.812048070720778,FAST
37,MELI-NU,2.096596312671271,-2.071519355116813,4,202.96900568214448,2.096596312671271,stress,6.812048070720778,SLOW
38,MELI-NU,-2.071519355116813,-0.0765952052499235,7,134.81964700670693,2.071519355116813,stress,6.812048070720778,FAST
39,PAGS-VTEX,2.584205009820424,0.3230303763365669,42,-1.858010988565885,2.584205009820424,stress,7.470444606400153,FAST
40,PAGS-VTEX,-2.055050719447028,-0.4085752417903855,15,1.5392409899381136,2.055050719447028,stress,7.470444606400153,FAST
41,PAGS-VTEX,-2.1362964082293305,-0.3495086558532254,31,0.6641110302614777,2.1362964082293305,stress,7.470444606400153,FAST
42,PAGS-VTEX,-2.93822517411723,-0.0390491948144861,23,1.5639236230599312,2.93822517411723,stress,7.470444606400153,FAST
43,PAGS-VTEX,-2.124901196922126,-0.263470953175333,17,0.5291915873331918,2.124901196922126,stress,7.470444606400153,FAST
44,PAGS-VTEX,2.118262007196516,0.3112671146897016,34,1.0142868175753783,2.118262007196516,stress,7.470444606400153,FAST
45,PAGS-VTEX,2.002258959552594,0.0040976879454615,24,1.5434893406604864,2.002258959552594,stress,7.470444606400153,FAST
46,PAGS-VTEX,-2.034675463120045,-0.4636776479720993,75,-2.0794991156127507,2.034675463120045,stress,7.470444606400153,FAST
47,PAGS-VTEX,-2.210448501262846,-0.3244743309425807,5,0.165850314345459,2.210448501262846,stress,7.470444606400153,SLOW
48,PAGS-VTEX,-2.734218111690143,0.1036467459924401,7,0.3682819441115983,2.734218111690143,stress,7.470444606400153,SLOW
49,PAGS-VTEX,2.775502673842563,0.0619955460500444,71,-2.5935718364729943,2.775502673842563,stress,7.470444606400153,FAST
50,PAGS-VTEX,-2.676218582186964,-0.3971518099106583,28,0.3837737005727368,2.676218582186964,stress,7.470444606400153,FAST
51,PAGS-VTEX,5.345460201078466,0.4309590666645075,59,-0.626120121122526,5.345460201078466,extreme,7.470444606400153,FAST
52,PAGS-VTEX,2.0411778610028,0.3244431706679824,108,-2.6621956095235113,2.0411778610028,stress,7.470444606400153,FAST
53,CEPU-VIST,-2.006213786451842,-0.4292319834688414,26,0.2401457027397472,2.006213786451842,stress,8.716157989104026,FAST
54,CEPU-VIST,2.030107371110409,0.4628468206503328,22,0.0180832250769398,2.030107371110409,stress,8.716157989104026,FAST
55,CEPU-VIST,-2.009909877183534,-0.2864278077334738,45,0.032052021818403,2.009909877183534,stress,8.716157989104026,FAST
56,CEPU-VIST,-2.2148464260961687,-0.4829664080735473,33,-0.5076317790229927,2.2148464260961687,stress,8.716157989104026,FAST
57,CEPU-VIST,2.0629732993811296,-0.0050060961652058,72,-1.3129535980493574,2.0629732993811296,stress,8.716157989104026,FAST
58,CEPU-VIST,-2.0526034057697258,-0.432697325925424,37,-0.2242753399853299,2.0526034057697258,stress,8.716157989104026,FAST
59,CEPU-VIST,-2.025905228142028,-0.2986749267523088,71,-0.730913008019483,2.025905228142028,stress,8.716157989104026,FAST
60,CEPU-VIST,2.118009396614726,0.3845591973780521,13,0.5037723396271159,2.118009396614726,stress,8.716157989104026,FAST
61,CEPU-VIST,2.2037086194378297,0.159411703733163,67,-1.4850318269703395,2.2037086194378297,stress,8.716157989104026,FAST
62,CEPU-VIST,-2.1396620790364875,0.0348756265523962,15,0.1719551957174994,2.1396620790364875,stress,8.716157989104026,FAST
63,CEPU-VIST,2.2735514161177797,0.1101048808002932,13,0.6058311516461872,2.2735514161177797,stress,8.716157989104026,FAST
64,CEPU-VIST,2.0811373200346006,0.4311193807650408,12,0.7361255655247269,2.0811373200346006,stress,8.716157989104026,FAST
65,CEPU-VIST,-2.0155784859750323,-0.4889372910627847,25,0.1707040840424394,2.0155784859750323,stress,8.716157989104026,FAST
66,CEPU-VIST,2.114814431571069,0.3450001292409683,76,-2.2201004693267112,2.114814431571069,stress,8.716157989104026,FAST
67,CEPU-VIST,-2.2790213660369596,-0.1487621709340576,36,-0.2767513356276012,2.2790213660369596,stress,8.716157989104026,FAST
68,CEPU-VIST,-2.098508761851391,-0.4934033154556875,28,0.1076496438877052,2.098508761851391,stress,8.716157989104026,FAST
69,NU-XP,2.0426409897274596,0.0250410524157882,3,0.19709810491339,2.0426409897274596,stress,8.81502149616581,SLOW
70,NU-XP,-2.674978860208873,-0.221735260664195,7,0.560741028585379,2.674978860208873,stress,8.81502149616581,SLOW
71,NU-XP,-2.743741482181311,-0.4001507711841449,26,0.1685792582698432,2.743741482181311,stress,8.81502149616581,FAST
72,NU-XP,-2.533056999594224,-0.4938073040193372,30,0.6320920008362453,2.533056999594224,stress,8.81502149616581,FAST
73,NU-XP,2.4918644335159756,0.46649768239889,35,-0.8543719692593241,2.4918644335159756,stress,8.81502149616581,FAST
74,NU-XP,2.0969420076827814,0.4828063711316439,171,-4.8452863380281475,2.0969420076827814,stress,8.81502149616581,FAST
75,NU-XP,2.0218415845224125,0.4488879647587848,38,-1.0558588585119886,2.0218415845224125,stress,8.81502149616581,FAST
76,NU-XP,2.5826841838396186,0.1029785536210994,4,0.4743274857667729,2.5826841838396186,stress,8.81502149616581,SLOW
77,NU-XP,-2.3490107163733907,-0.375586270749642,34,1.095822128408234,2.3490107163733907,stress,8.81502149616581,FAST
78,NU-XP,-2.0994496332126475,-0.4159410498080243,21,0.1783374366887197,2.0994496332126475,stress,8.81502149616581,FAST
79,NU-XP,2.1169082415625406,0.3902200547362746,14,0.786799536020159,2.1169082415625406,stress,8.81502149616581,FAST
80,NU-XP,2.2510292891427715,-0.2946588130718648,85,-1.502488796135584,2.2510292891427715,stress,8.81502149616581,FAST
81,NU-XP,2.4662133701390636,0.489600714703883,49,-0.6930524286838793,2.4662133701390636,stress,8.81502149616581,FAST
82,NU-XP,-3.350982108332483,-0.4980188604401857,67,-0.8602397499401848,3.350982108332483,extreme,8.81502149616581,FAST
83,NU-XP,-2.511062403713743,-0.4610995470887655,14,1.024602242496487,2.511062403713743,stress,8.81502149616581,FAST
84,ERJ-NU,2.401136627691019,0.3368899209920292,35,0.6809513151267348,2.401136627691019,stress,9.594300550096044,FAST
85,ERJ-NU,-2.0803856452112077,-0.3595546395637577,29,0.5286302765749448,2.0803856452112077,stress,9.594300550096044,FAST
86,ERJ-NU,2.399287751128537,0.456808805099904,35,-0.0857569926429888,2.399287751128537,stress,9.594300550096044,FAST
87,ERJ-NU,2.359548394742492,0.3958431197003759,92,-5.901485409242756,2.359548394742492,stress,9.594300550096044,FAST
88,ERJ-NU,2.1335048223637485,0.4626455145488737,35,0.347902100476813,2.1335048223637485,stress,9.594300550096044,FAST
89,ERJ-NU,2.2507545924419077,0.4260159591434967,85,-4.8038604898467945,2.2507545924419077,stress,9.594300550096044,FAST
90,ERJ-NU,2.6669989529027225,0.4535275366843541,56,-3.921021464197757,2.6669989529027225,stress,9.594300550096044,FAST
91,ERJ-NU,2.4692093340279326,0.0449740710041395,28,1.166197490880518,2.4692093340279326,stress,9.594300550096044,FAST
92,ERJ-NU,2.045891289744364,0.4316728727452126,20,2.4554558292609725,2.045891289744364,stress,9.594300550096044,FAST
93,ERJ-NU,2.9859128324150963,0.0003960711721874,24,4.150698177762644,2.9859128324150963,stress,9.594300550096044,FAST
94,MELI-VTEX,-2.6734676385077085,-0.4450866274623626,35,35.30378749216092,2.6734676385077085,stress,9.735651134414333,FAST
95,MELI-VTEX,2.4689827949912764,0.4816020141508252,20,57.87969964915655,2.4689827949912764,stress,9.735651134414333,FAST
96,MELI-VTEX,2.036161965793027,0.404808295493703,40,-3.722419293185368,2.036161965793027,stress,9.735651134414333,FAST
97,MELI-VTEX,2.274403924372454,-0.4165423730641299,1,-1.0696708605849323,2.274403924372454,stress,9.735651134414333,SLOW
98,MELI-VTEX,-2.1422948166914826,-0.2103052136606568,58,-32.53412046051261,2.1422948166914826,stress,9.735651134414333,FAST
99,MELI-VTEX,2.010755041301466,0.4127784522608234,25,130.15072349827057,2.010755041301466,stress,9.735651134414333,FAST
100,MELI-VTEX,2.529878058254695,0.2888628114621257,61,-236.5705671574063,2.529878058254695,stress,9.735651134414333,FAST
101,MELI-VTEX,-3.662660242500992,-0.0627691979681634,15,207.43671475766013,3.662660242500992,extreme,9.735651134414333,FAST
102,MELI-VTEX,-2.0753113031566746,-0.4735676579390442,38,-3.28787623600698,2.0753113031566746,stress,9.735651134414333,FAST
103,MELI-VTEX,2.139674250825342,0.0358513140626541,45,5.859896741551097,2.139674250825342,stress,9.735651134414333,FAST
104,MELI-VTEX,2.120858786416796,0.4602175766056512,42,-116.74362751031263,2.120858786416796,stress,9.735651134414333,FAST
105,MELI-VTEX,-2.6129714669646327,-0.3138785912999466,26,-25.6908486484935,2.6129714669646327,stress,9.735651134414333,FAST
106,MELI-VTEX,-2.2373631087280232,-0.4191427868504714,14,204.24232477515295,2.2373631087280232,stress,9.735651134414333,FAST
107,MELI-VTEX,2.0867355851566005,0.4520570986053699,7,136.9790203297904,2.0867355851566005,stress,9.735651134414333,SLOW
108,MELI-VTEX,-2.8140280577130503,-0.3876438762413356,47,-41.29139659879223,2.8140280577130503,stress,9.735651134414333,FAST
109,BBAR-SUPV,2.089851634871942,0.4979023156324841,20,0.0433079288131794,2.089851634871942,stress,10.906824963654596,FAST
110,BBAR-SUPV,2.0098399823718394,0.0281491256542918,38,-0.0618961198177203,2.0098399823718394,stress,10.906824963654596,FAST
111,BBAR-SUPV,2.847285693348417,-2.5670072479862083,2,0.1860131173361738,2.847285693348417,stress,10.906824963654596,SLOW
112,BBAR-SUPV,-2.5670072479862083,-0.4627021883271009,65,-0.4967444385555467,2.5670072479862083,stress,10.906824963654596,FAST
113,BBAR-SUPV,2.25730948006412,-0.2433987502023794,79,-0.7503004393163422,2.25730948006412,stress,10.906824963654596,FAST
114,BBAR-SUPV,2.108357886397524,0.4071515838193415,3,0.1515013221820931,2.108357886397524,stress,10.906824963654596,SLOW
115,BBAR-SUPV,-2.3866140189650573,0.2457056372133329,11,0.4260708462332897,2.3866140189650573,stress,10.906824963654596,FAST
116,BBAR-SUPV,2.5673354498938146,0.4761683706550326,11,0.2429100896303119,2.5673354498938146,stress,10.906824963654596,FAST
117,BBAR-SUPV,3.114036936484992,0.4459542225148233,84,-1.421376817200494,3.114036936484992,extreme,10.906824963654596,FAST
118,BBAR-SUPV,-2.30532675660267,-0.0324881105179837,15,0.900039366225807,2.30532675660267,stress,10.906824963654596,FAST
119,BBAR-SUPV,2.5708849209966576,0.1604642335670111,7,0.3592454909097462,2.5708849209966576,stress,10.906824963654596,SLOW
120,BBAR-SUPV,2.017538497093557,-0.475607748985249,1,-0.0192034879041822,2.017538497093557,stress,10.906824963654596,SLOW
121,BBAR-SUPV,2.634919073289318,0.4037988441844121,35,-0.0429668124064029,2.634919073289318,stress,10.906824963654596,FAST
122,BBAR-SUPV,-2.060622221336957,-0.1383011102804522,62,-0.8897233267766957,2.060622221336957,stress,10.906824963654596,FAST
123,BBAR-SUPV,2.5427336890593817,0.3555042821157366,75,-2.0347138972583965,2.5427336890593817,stress,10.906824963654596,FAST
124,BBAR-SUPV,2.706289256004914,2.56359467267234,18,-1.1042616869902768,2.706289256004914,stress,10.906824963654596,FAST
125,PAX-VINP,2.6409801525600556,0.2777879221183962,17,0.1730174640690691,2.6409801525600556,stress,11.318604795446738,FAST
126,PAX-VINP,-2.176588527484866,-0.3085605769022937,6,0.5447860570539158,2.176588527484866,stress,11.318604795446738,SLOW
127,PAX-VINP,-3.2172485472008865,-0.4099491357582552,21,0.6606276575210551,3.2172485472008865,extreme,11.318604795446738,FAST
128,PAX-VINP,-2.31761568534658,-0.4242547201866825,30,-0.022149050998518,2.31761568534658,stress,11.318604795446738,FAST
129,PAX-VINP,2.0510127203637873,0.3646395252333446,25,0.3819830156883824,2.0510127203637873,stress,11.318604795446738,FAST
130,PAX-VINP,-2.159743167168015,-0.3969291305367481,80,-0.8209511693575298,2.159743167168015,stress,11.318604795446738,FAST
131,PAX-VINP,-2.2870024920964935,-0.2113545844980726,29,-0.0073622129150244,2.2870024920964935,stress,11.318604795446738,FAST
132,PAX-VINP,2.452289944631912,0.4918555141454831,42,-0.4973286864829153,2.452289944631912,stress,11.318604795446738,FAST
133,PAX-VINP,-2.0602886204861037,-0.4160505893162631,39,-0.2156220997017343,2.0602886204861037,stress,11.318604795446738,FAST
134,PAX-VINP,2.0827244315377844,0.3872200085268052,69,-1.5095210201897469,2.0827244315377844,stress,11.318604795446738,FAST
135,PAX-VINP,2.358952247609696,0.2395203023951014,11,0.3983678271409654,2.358952247609696,stress,11.318604795446738,SLOW
136,PAX-VINP,2.50133779715077,-0.1325553660056853,22,-0.2126996395750617,2.50133779715077,stress,11.318604795446738,FAST
137,PAX-VINP,-2.025013356804728,-0.4019275327230076,14,0.3822620783327659,2.025013356804728,stress,11.318604795446738,FAST
138,NU-VLRS,3.0423803278757977,0.3924278523076029,115,-1.835973751585348,3.0423803278757977,extreme,11.822759417967037,FAST
139,NU-VLRS,2.2812600859039476,0.3967615683236703,60,-0.940668050299079,2.2812600859039476,stress,11.822759417967037,FAST
140,NU-VLRS,2.069106297972663,0.3159874798357219,68,-1.9588423120108804,2.069106297972663,stress,11.822759417967037,FAST
141,NU-VLRS,2.015185611073929,0.442951105547013,38,-0.1283166080924798,2.015185611073929,stress,11.822759417967037,FAST
142,NU-VLRS,2.232811323353253,0.1940569090182331,42,-0.7815273838832368,2.232811323353253,stress,11.822759417967037,FAST
143,NU-VLRS,-2.2582772051950295,-0.4841070361393218,66,-1.9339574450075183,2.2582772051950295,stress,11.822759417967037,FAST
144,NU-VLRS,2.1575352994740427,0.4734830728586845,15,1.3604981401516745,2.1575352994740427,stress,11.822759417967037,FAST
145,NU-VLRS,2.0898201931671267,0.3977703385980433,32,0.1379866095115054,2.0898201931671267,stress,11.822759417967037,FAST
146,NU-VLRS,2.79587618346861,-0.2143731823277988,20,0.800821581475397,2.79587618346861,stress,11.822759417967037,FAST
147,NU-VLRS,2.3464766515560695,-0.3112136732904979,13,1.4746669137750608,2.3464766515560695,stress,11.822759417967037,FAST
148,NU-VLRS,-3.0418115860434387,-0.4573266910580054,46,0.3632093724578477,3.0418115860434387,extreme,11.822759417967037,FAST
149,NU-VLRS,-2.521699395720942,-1.65918377136149,16,0.0913085212847538,2.521699395720942,stress,11.822759417967037,FAST
150,NU-PAX,2.595085179005908,0.4616638874720206,73,-1.508863389252193,2.595085179005908,stress,11.964959081608669,FAST
151,NU-PAX,3.011466580744977,0.3438007116645702,35,-0.7354012429576715,3.011466580744977,extreme,11.964959081608669,FAST
152,NU-PAX,-2.121130330336426,-0.3718280583551434,9,1.1124495521733009,2.121130330336426,stress,11.964959081608669,SLOW
153,NU-PAX,2.2314955978943103,0.3874194450841228,7,1.3255309175831964,2.2314955978943103,stress,11.964959081608669,SLOW
154,NU-PAX,2.02511172687271,0.0652334463684961,84,-1.5586554163075697,2.02511172687271,stress,11.964959081608669,FAST
155,NU-PAX,2.468760687110752,0.4841908395795491,48,-0.7956511806773476,2.468760687110752,stress,11.964959081608669,FAST
156,NU-PAX,-2.3150142706767105,-0.4100059637064727,59,-2.0496221003276176,2.3150142706767105,stress,11.964959081608669,FAST
157,NU-PAX,-2.000076488766446,-0.3462982440575896,34,0.8579783642780301,2.000076488766446,stress,11.964959081608669,FAST
158,NU-PAX,2.4028261872550996,0.4993111272907694,54,-0.4438255253343525,2.4028261872550996,stress,11.964959081608669,FAST
159,NU-PAX,-2.276315968116303,2.6795323254228176,7,1.0732168108307862,2.276315968116303,stress,11.964959081608669,SLOW
160,NU-PAX,2.6795323254228176,-0.0126874474656406,10,0.9353093975130254,2.6795323254228176,stress,11.964959081608669,SLOW
161,NU-PAX,-2.2315137211965066,-0.4925797335794991,44,-0.2296261525155254,2.2315137211965066,stress,11.964959081608669,FAST
162,NU-PAX,2.2736019743304983,0.1561254043555453,29,-0.341876529309609,2.2736019743304983,stress,11.964959081608669,FAST
163,CX-NU,2.381414385658486,0.0104927435841144,40,0.0132500586299321,2.381414385658486,stress,12.179688253323611,FAST
164,CX-NU,2.0670609501019204,0.4109147458584245,31,-0.1067409449210678,2.0670609501019204,stress,12.179688253323611,FAST
165,CX-NU,-2.4519128330439592,-0.3924654184019976,34,0.3817391471608116,2.4519128330439592,stress,12.179688253323611,FAST
166,CX-NU,2.3141795984073106,0.0232532926115721,33,0.3214664148950217,2.3141795984073106,stress,12.179688253323611,FAST
167,CX-NU,-2.0167091115872817,-0.1479233706746611,26,0.487411445085572,2.0167091115872817,stress,12.179688253323611,FAST
168,CX-NU,-2.144257071185709,-0.46739860879318,86,-1.3992312361511043,2.144257071185709,stress,12.179688253323611,FAST
169,CX-NU,-2.039768082834707,-0.0175330247936884,31,-0.0144275970212059,2.039768082834707,stress,12.179688253323611,FAST
170,CX-NU,-2.41101382922997,-0.183471471793523,21,0.5702677069266744,2.41101382922997,stress,12.179688253323611,FAST
171,CX-NU,2.7189182395331652,0.1684014610409679,21,0.5979070239209923,2.7189182395331652,stress,12.179688253323611,FAST
172,CX-NU,2.2767516361757263,0.0573707042512934,34,0.3300039629964097,2.2767516361757263,stress,12.179688253323611,FAST
173,CX-NU,2.047594881821607,0.3014221299151388,51,-0.6309975358344702,2.047594881821607,stress,12.179688253323611,FAST
174,CX-NU,2.0264386423904397,0.3364372718827546,126,-2.1793823694528016,2.0264386423904397,stress,12.179688253323611,FAST
175,CX-NU,2.5089716170753524,1.5059558941544149,36,-1.1194885595694533,2.5089716170753524,stress,12.179688253323611,FAST
176,DLO-VTEX,2.258363282888993,-4.2342238123002645,5,-0.8364991654414267,2.258363282888993,stress,12.448120024403307,SLOW
177,DLO-VTEX,-4.2342238123002645,-0.3124950933301981,16,5.236184371692468,4.2342238123002645,extreme,12.448120024403307,FAST
178,DLO-VTEX,-2.102361936932185,-0.3399866266254747,4,0.5327164245425965,2.102361936932185,stress,12.448120024403307,SLOW
179,DLO-VTEX,-3.5544991346511483,-0.3292091270272802,47,0.4986699056704147,3.5544991346511483,extreme,12.448120024403307,FAST
180,DLO-VTEX,4.690966907810558,0.4809290772302003,51,1.7516552280914182,4.690966907810558,extreme,12.448120024403307,FAST
181,DLO-VTEX,-2.3294076705159945,-0.4803660829747945,97,-2.233472624625529,2.3294076705159945,stress,12.448120024403307,FAST
182,DLO-VTEX,-2.334577315883401,-0.4298311291114791,11,1.7927667284962672,2.334577315883401,stress,12.448120024403307,SLOW
183,DLO-VTEX,-2.296799789368259,-0.2508310656358644,16,1.5002154853719067,2.296799789368259,stress,12.448120024403307,FAST
184,DLO-VTEX,-3.8794904060329287,-0.2601441045492823,75,-1.1269048533926678,3.8794904060329287,extreme,12.448120024403307,FAST
185,DLO-VTEX,2.0995333821605935,-0.0762619155418583,9,0.4979361190821117,2.0995333821605935,stress,12.448120024403307,SLOW
186,DLO-VTEX,2.279494287487416,0.2614200876101929,100,-3.63145014882942,2.279494287487416,stress,12.448120024403307,FAST
187,DLO-VTEX,5.267242579058612,-0.3847648888044564,2,0.2695945485981991,5.267242579058612,extreme,12.448120024403307,SLOW
188,DLO-VTEX,-2.045225390653487,-0.078871796699533,48,-0.2634648529587788,2.045225390653487,stress,12.448120024403307,FAST
189,DLO-VTEX,4.566302453570791,0.4896650077064743,63,-3.4701321860896304,4.566302453570791,extreme,12.448120024403307,FAST
190,DLO-VTEX,-2.1550300536532965,-0.4424659049763383,18,0.7936788830832602,2.1550300536532965,stress,12.448120024403307,FAST
191,DLO-VTEX,2.301202360473849,0.3723118045403951,28,0.6370430513218128,2.301202360473849,stress,12.448120024403307,FAST
192,DLO-VTEX,-2.4182958259050102,-0.4148504471394378,38,0.3231529209825879,2.4182958259050102,stress,12.448120024403307,FAST
193,DLO-MELI,-2.031175000346721,-0.4562119355424249,20,0.4080116587497575,2.031175000346721,stress,12.547354511660666,FAST
194,DLO-MELI,-2.011446905916642,-0.2843013779254488,6,2.054588334203012,2.011446905916642,stress,12.547354511660666,SLOW
195,DLO-MELI,3.08891315687287,-2.320805252300208,31,6.789914218176986,3.08891315687287,extreme,12.547354511660666,FAST
196,DLO-MELI,-2.320805252300208,0.1920342067580756,5,6.252836127397925,2.320805252300208,stress,12.547354511660666,SLOW
197,DLO-MELI,2.4760109684249954,0.1062687451197133,16,3.1333224777935103,2.4760109684249954,stress,12.547354511660666,FAST
198,DLO-MELI,-2.1769078978588197,0.031721704406931,101,-15.119467251742645,2.1769078978588197,stress,12.547354511660666,FAST
199,DLO-MELI,-2.04315416278594,-0.4056799714608594,71,-3.836557551666014,2.04315416278594,stress,12.547354511660666,FAST
200,DLO-MELI,-2.4042269695495553,-0.3320487136930746,61,-8.638574735976421,2.4042269695495553,stress,12.547354511660666,FAST
201,DLO-MELI,4.061834870890086,-0.0147023805048232,18,5.131575295172284,4.061834870890086,extreme,12.547354511660666,FAST
202,DLO-MELI,2.5189610018837993,0.2766093318969033,50,-0.6171269451799279,2.5189610018837993,stress,12.547354511660666,FAST
203,DLO-MELI,-2.845807083156835,-0.400445889582831,38,2.896687287328092,2.845807083156835,stress,12.547354511660666,FAST
204,DLO-MELI,-2.3835176276781502,-0.4425322907762077,43,-2.1459557766059874,2.3835176276781502,stress,12.547354511660666,FAST
205,DLO-MELI,2.8140738386113173,0.4462986834003704,14,3.8762239137248766,2.8140738386113173,stress,12.547354511660666,FAST
206,DLO-MELI,3.394366596919619,0.4505675253501163,28,2.239450425423116,3.394366596919619,extreme,12.547354511660666,FAST
207,DLO-MELI,2.989689083636236,0.4499049325556064,47,-0.361557689272673,2.989689083636236,stress,12.547354511660666,FAST
208,DLO-MELI,2.2323856168462157,0.0558037520004331,16,4.444196123312368,2.2323856168462157,stress,12.547354511660666,FAST
209,ASR-CAAP,-2.5099341769739456,-0.3797932900530304,39,-7.656426397212392,2.5099341769739456,stress,13.168685262846449,FAST
210,ASR-CAAP,-2.6551719805274754,-0.2743623752073951,86,-34.994218211224364,2.6551719805274754,stress,13.168685262846449,FAST
211,ASR-CAAP,-2.4275734476793804,-0.3058903421850232,11,18.60766358985762,2.4275734476793804,stress,13.168685262846449,SLOW
212,ASR-CAAP,2.1337017610272127,0.3390538418755937,10,14.065776928514705,2.1337017610272127,stress,13.168685262846449,SLOW
213,ASR-CAAP,-3.2530547569961645,0.1536420432951458,17,-3.843610514046144,3.2530547569961645,extreme,13.168685262846449,FAST
214,ASR-CAAP,2.280414074267659,0.463917769720516,33,4.175907721750351,2.280414074267659,stress,13.168685262846449,FAST
215,ASR-CAAP,-2.5376542125965686,-0.2568432271500686,23,11.759078907977784,2.5376542125965686,stress,13.168685262846449,FAST
216,ASR-CAAP,2.3775525027202393,0.1684830962714434,3,10.310842289783675,2.3775525027202393,stress,13.168685262846449,SLOW
217,ASR-CAAP,-2.463775862652865,-0.4839270947047795,70,-56.20844614027814,2.463775862652865,stress,13.168685262846449,FAST
218,ASR-CAAP,-2.0286508302138637,-0.2296890057079967,6,9.91519664535826,2.0286508302138637,stress,13.168685262846449,SLOW
219,ASR-CAAP,2.0270117123597298,0.4486374236580452,29,1.9039027008078817,2.0270117123597298,stress,13.168685262846449,FAST
220,ASR-CAAP,2.066412352163292,0.3345471409692717,55,-9.006432475982113,2.066412352163292,stress,13.168685262846449,FAST
221,ASR-CAAP,-2.184849493153323,-0.0945631979682867,4,9.744937784725378,2.184849493153323,stress,13.168685262846449,SLOW
222,ASR-CAAP,4.4533985712840805,-2.171931866809812,81,92.38385167657164,4.4533985712840805,extreme,13.168685262846449,FAST
223,ASR-CAAP,-2.171931866809812,-0.4979409729476005,48,29.65503118899509,2.171931866809812,stress,13.168685262846449,FAST
224,ASR-CAAP,-2.280009086185217,-0.4823145203926388,6,30.159834545459823,2.280009086185217,stress,13.168685262846449,SLOW
225,ASR-CAAP,2.060062837905107,0.1752342218238683,35,6.143066077580116,2.060062837905107,stress,13.168685262846449,FAST
226,ASR-CAAP,-2.3906587551672636,-3.223103776557314,2,-14.608680234140186,2.3906587551672636,stress,13.168685262846449,SLOW
227,NU-PAGS,2.7351280048972995,0.35930781857664,74,-1.8049999903332097,2.7351280048972995,stress,13.240162651969234,FAST
228,NU-PAGS,2.9164000612038743,0.2122776292797911,36,-0.2327564935999404,2.9164000612038743,stress,13.240162651969234,FAST
229,NU-PAGS,2.6711952278639717,0.3689758294163194,65,-0.9212231180648952,2.6711952278639717,stress,13.240162651969234,FAST
230,NU-PAGS,2.802600959127196,0.1545508898823542,57,-0.1591084496468403,2.802600959127196,stress,13.240162651969234,FAST
231,NU-PAGS,-2.04868353798114,-0.3906344661162536,6,0.3564215141556244,2.04868353798114,stress,13.240162651969234,SLOW
232,NU-PAGS,2.0978312372280064,0.4959760107590102,45,-1.083485114959306,2.0978312372280064,stress,13.240162651969234,FAST
233,NU-PAGS,-2.476704474905299,-0.3465092818651476,51,-0.1458930262997273,2.476704474905299,stress,13.240162651969234,FAST
234,NU-PAGS,2.207057010514,0.3203906430176877,12,1.0094022469759674,2.207057010514,stress,13.240162651969234,SLOW
235,NU-PAGS,2.332404238296675,0.4299013406197524,52,-0.7823906903575937,2.332404238296675,stress,13.240162651969234,FAST
236,NU-PAGS,2.393260043637395,0.3456798820062834,21,0.0340333535972614,2.393260043637395,stress,13.240162651969234,FAST
237,NU-PAGS,2.579094903345861,0.0560415175785281,8,1.0039646759947125,2.579094903345861,stress,13.240162651969234,SLOW
238,NU-PAGS,2.0070512974582595,-0.261597576657594,7,0.3845736448279739,2.0070512974582595,stress,13.240162651969234,SLOW
239,NU-PAGS,-3.90753171225134,-0.4670638454863814,47,-0.1853415324181986,3.90753171225134,extreme,13.240162651969234,FAST
240,NU-PAGS,-2.290877946970959,-1.2607602417968011,14,0.7380525691771915,2.290877946970959,stress,13.240162651969234,FAST
241,DLO-PAGS,3.835164592455344,-3.534600597177779,2,0.2214519593268729,3.835164592455344,extreme,13.531783798543458,SLOW
242,DLO-PAGS,-3.534600597177779,-0.4748074237085309,83,2.246937486928248,3.534600597177779,extreme,13.531783798543458,FAST
243,DLO-PAGS,2.3980392053339785,0.4346161283398715,52,-3.608942015418319,2.3980392053339785,stress,13.531783798543458,FAST
244,DLO-PAGS,-2.5952694682366753,-0.4706589522004757,105,-2.9053533365609696,2.5952694682366753,stress,13.531783798543458,FAST
245,DLO-PAGS,-3.015687785335165,-0.4351642481077051,17,1.3272499739722272,3.015687785335165,extreme,13.531783798543458,FAST
246,DLO-PAGS,-4.110427996782035,-0.4778444001115965,84,-1.9594916379805312,4.110427996782035,extreme,13.531783798543458,FAST
247,DLO-PAGS,2.155949169314033,0.4977854079548039,69,-1.6762327119045084,2.155949169314033,stress,13.531783798543458,FAST
248,DLO-PAGS,2.1040727715593355,0.2911498750544818,98,-2.8180327834929453,2.1040727715593355,stress,13.531783798543458,FAST
249,DLO-PAGS,2.096915263783608,-3.93087444598458,2,0.0743681927335271,2.096915263783608,stress,13.531783798543458,SLOW
250,DLO-PAGS,-3.93087444598458,-0.4497204470324944,74,2.1654990898595488,3.93087444598458,extreme,13.531783798543458,FAST
251,DLO-PAGS,6.204685628736724,0.46475200106657,21,1.6225351807712751,6.204685628736724,extreme,13.531783798543458,FAST
252,DLO-PAGS,-2.32638849671551,-0.495522456352466,23,0.6535559043398679,2.32638849671551,stress,13.531783798543458,FAST
253,DLO-PAGS,-2.1500259801162005,-0.1988075131705848,44,-0.5488838408417718,2.1500259801162005,stress,13.531783798543458,FAST
254,DLO-PAGS,2.1397298517769423,0.2788663146591623,18,0.1272062475655977,2.1397298517769423,stress,13.531783798543458,FAST
255,DLO-XP,2.1089045205262895,0.1699269471651009,2,0.1100090454732753,2.1089045205262895,stress,14.20502989646293,SLOW
256,DLO-XP,-2.193747410239568,-0.0453452607484167,90,-9.978690731842203,2.193747410239568,stress,14.20502989646293,FAST
257,DLO-XP,2.1711914787750466,0.1980120349055087,69,-1.7755790067372477,2.1711914787750466,stress,14.20502989646293,FAST
258,DLO-XP,-2.223214322812647,-0.2736491974545469,70,-2.1234447665127796,2.223214322812647,stress,14.20502989646293,FAST
259,DLO-XP,-2.171715163479486,-0.25202153581776,16,0.8829287037726852,2.171715163479486,stress,14.20502989646293,FAST
260,DLO-XP,2.658690115113224,0.1984897914507822,17,0.6583727900677794,2.658690115113224,stress,14.20502989646293,FAST
261,DLO-XP,-2.0621477550061047,0.2369949473432089,8,4.092454947645608,2.0621477550061047,stress,14.20502989646293,SLOW
262,DLO-XP,2.000831708753343,0.4858804508754364,10,0.8054833495225335,2.000831708753343,stress,14.20502989646293,SLOW
263,DLO-XP,2.18570065185823,0.4316153424011581,83,-6.534851489444939,2.18570065185823,stress,14.20502989646293,FAST
264,DLO-XP,-3.378063517553081,-0.3768369603149335,41,0.1384440699491236,3.378063517553081,extreme,14.20502989646293,FAST
265,DLO-XP,-2.149486523507836,-0.4617514300062516,49,0.2833803676216875,2.149486523507836,stress,14.20502989646293,FAST
266,DLO-XP,2.0537814147797366,0.233803294476794,44,-0.4860034506048389,2.0537814147797366,stress,14.20502989646293,FAST
267,DLO-XP,2.048078525101233,0.3558714785366189,20,1.3640073372134245,2.048078525101233,stress,14.20502989646293,FAST
268,DLO-XP,-2.0492041697237036,-0.3028601653572799,21,0.9473426959499966,2.0492041697237036,stress,14.20502989646293,FAST
269,BAP-IFS,2.64458588329182,0.2916443600769998,7,4.570851234041342,2.64458588329182,stress,14.533527189905492,SLOW
270,BAP-IFS,2.449036140834757,0.4599565969655208,11,4.685120152906038,2.449036140834757,stress,14.533527189905492,SLOW
271,BAP-IFS,2.128489586621369,-0.0459510201434915,38,-0.9407536539111456,2.128489586621369,stress,14.533527189905492,FAST
272,BAP-IFS,-2.2561064081579083,-0.4883219722169514,23,0.6076429079656185,2.2561064081579083,stress,14.533527189905492,FAST
273,BAP-IFS,2.512313537764266,0.4235439440849051,22,4.620843266123129,2.512313537764266,stress,14.533527189905492,FAST
274,BAP-IFS,-2.077704395972058,0.0963681874316569,8,1.4638782039242693,2.077704395972058,stress,14.533527189905492,SLOW
275,BAP-IFS,2.496220368512439,0.4367797641565412,50,-2.5141524883998514,2.496220368512439,stress,14.533527189905492,FAST
276,BAP-IFS,2.1307322213765967,0.4316392960866073,2,3.3303428150720267,2.1307322213765967,stress,14.533527189905492,SLOW
277,BAP-IFS,-2.1424532575946813,-0.3314647041075689,40,-2.3228060532356487,2.1424532575946813,stress,14.533527189905492,FAST
278,BAP-IFS,-2.055085548141077,-0.4977095549391643,46,-4.203683571222494,2.055085548141077,stress,14.533527189905492,FAST
279,BAP-IFS,2.369872085567459,0.1704743750418851,128,-35.165011806285314,2.369872085567459,stress,14.533527189905492,FAST
280,BAP-IFS,-2.279540447533007,-0.0421321130920057,21,1.7386316729894462,2.279540447533007,stress,14.533527189905492,FAST
281,BAP-IFS,2.609714801028193,0.4198959703059943,69,-19.90511311220141,2.609714801028193,stress,14.533527189905492,FAST
282,BAP-IFS,-2.109952929614088,-0.4715711657147219,11,2.120743848246283,2.109952929614088,stress,14.533527189905492,SLOW
