pair,entry_date,exit_date,direction,entry_pos,entry_z,exit_z,n_days,trade_pnl,trade_id,dir_norm,action,reason,pnl_mult,pnl_conditioned
NU-VTEX,2023-04-21,2023-07-17,SHORT,-1.0,2.216860289326968,0.4305151278186699,87,-1.389833128573843,0,-1,BLOCK,earnings,0.0,-0.0
NU-VTEX,2023-08-17,2023-09-13,LONG,1.0,-2.2423182810432594,-0.3770541207342386,27,-0.0803019635525983,1,1,ALLOW,clear_allow,1.0,-0.0803019635525983
NU-VTEX,2024-01-31,2024-02-02,LONG,1.0,-2.0415283770781936,0.3227821911061356,2,0.3546372678217737,2,1,BLOCK,earnings,0.0,0.0
NU-VTEX,2024-02-07,2024-04-18,SHORT,-1.0,2.001562070929966,0.2083225051830769,71,-1.4654967413469664,3,-1,BLOCK,earnings,0.0,-0.0
NU-VTEX,2024-05-08,2024-07-30,SHORT,-1.0,2.9301718016312295,0.3568787799361885,83,-0.6917917144591315,4,-1,BLOCK,earnings,0.0,-0.0
NU-VTEX,2024-08-16,2024-09-26,SHORT,-1.0,2.26677176136763,0.2120274970661489,41,-0.8365122128554376,5,-1,ALLOW,clear_allow,1.0,-0.8365122128554376
NU-VTEX,2024-11-11,2024-11-15,SHORT,-1.0,2.3052710708750546,0.1394346722092008,4,0.6288074902367768,6,-1,BLOCK,earnings,0.0,0.0
NU-VTEX,2024-12-03,2025-01-23,LONG,1.0,-2.298886080782153,-0.3580866204518449,51,0.1903350316052297,7,1,ALLOW,clear_allow,1.0,0.1903350316052297
NU-VTEX,2025-08-15,2025-10-16,SHORT,-1.0,2.8581098411954455,0.4229631191112566,62,-1.9438406879045984,8,-1,ALLOW,clear_allow,1.0,-1.9438406879045984
NU-VTEX,2025-11-25,2025-12-17,SHORT,-1.0,2.682328128534633,0.304955705065238,22,0.3394725099028048,9,-1,ALLOW,clear_allow,1.0,0.3394725099028048
NU-VTEX,2026-01-05,2026-02-05,SHORT,-1.0,2.3439788911227497,0.4521259918888343,31,0.4388793672423492,10,-1,ALLOW,clear_allow,1.0,0.4388793672423492
NU-VTEX,2026-02-26,2026-04-14,LONG,1.0,-2.2524575734634857,-0.4541314458288613,47,-0.9083402650809208,11,1,BLOCK,earnings,0.0,-0.0
GLOB-NU,2023-04-25,2023-05-26,LONG,1.0,-2.9512807055603907,-0.2959182818028966,31,-0.834730275931534,12,1,BLOCK,earnings,0.0,-0.0
GLOB-NU,2023-08-28,2023-10-10,SHORT,-1.0,2.2822931711548256,0.3846417737969685,43,2.150240589881724,13,-1,ALLOW,no_evidence_allow,1.0,2.150240589881724
GLOB-NU,2024-02-16,2024-06-24,LONG,1.0,-2.7966469966244225,-0.4842791968413072,129,-83.79622648802987,14,1,BLOCK,earnings,0.0,-0.0
GLOB-NU,2024-08-01,2024-08-09,SHORT,-1.0,2.292789139036448,0.3969387297608804,8,13.747466041378669,15,-1,BLOCK,earnings,0.0,0.0
GLOB-NU,2024-09-17,2024-09-26,LONG,1.0,-2.158760751345622,-0.0803721773725278,9,6.419603169923866,16,1,ALLOW,clear_allow,1.0,6.419603169923866
GLOB-NU,2024-11-20,2025-01-21,SHORT,-1.0,2.1179739846572803,0.4439129047979164,62,-27.983928910068546,17,-1,ALLOW,clear_allow,1.0,-27.983928910068546
GLOB-NU,2025-02-21,2025-07-25,LONG,1.0,-2.007923110419537,-0.4487989209016494,154,-95.35306864456032,18,1,ALLOW,clear_allow,1.0,-95.35306864456032
GLOB-NU,2025-08-15,2025-11-13,LONG,1.0,-2.2395268637796972,-0.113535817854791,90,-56.357701942310754,19,1,ALLOW,clear_allow,1.0,-56.357701942310754
GLOB-NU,2025-11-26,2025-12-05,LONG,1.0,-2.6597832824769982,-0.2822785017697271,9,0.4126783765282091,20,1,ALLOW,clear_allow,1.0,0.4126783765282091
GLOB-NU,2026-01-05,2026-01-13,LONG,1.0,-2.5970371611679153,-0.21414489986231,8,15.682573755489807,21,1,ALLOW,clear_allow,1.0,15.682573755489807
GLOB-NU,2026-01-22,2026-04-09,LONG,1.0,-2.158846976902424,0.4784629199281224,77,34.95864693344791,22,1,ALLOW,clear_allow,1.0,34.95864693344791
GLOB-NU,2026-05-15,2026-05-29,SHORT,-1.0,2.2964458571445174,1.217412053391074,14,14.153713754526423,23,-1,DOWNSIZE,sentiment,0.5,7.076856877263212
MELI-NU,2023-05-24,2023-07-31,LONG,1.0,-2.0846249851456906,-0.4777456296817053,68,-138.3663450721211,24,1,ALLOW,clear_allow,1.0,-138.3663450721211
MELI-NU,2023-08-30,2023-09-26,SHORT,-1.0,2.292563657623329,0.4594490345910516,27,44.48549274798384,25,-1,ALLOW,clear_allow,1.0,44.48549274798384
MELI-NU,2023-11-27,2024-01-03,SHORT,-1.0,2.200430506469456,0.4877178969362152,37,66.8000909819484,26,-1,ALLOW,clear_allow,1.0,66.8000909819484
MELI-NU,2024-02-23,2024-05-02,LONG,1.0,-2.174940283124939,-0.2625886729736689,69,-221.44513257765277,27,1,ALLOW,clear_allow,1.0,-221.44513257765277
MELI-NU,2024-05-20,2024-06-05,SHORT,-1.0,2.031155878501114,0.3343901808417093,16,137.07297277468345,28,-1,ALLOW,clear_allow,1.0,137.07297277468345
MELI-NU,2024-08-02,2024-10-15,SHORT,-1.0,2.9866173691009603,0.3854722510544476,74,-34.761930095773494,29,-1,BLOCK,earnings,0.0,-0.0
MELI-NU,2024-10-29,2024-11-01,LONG,1.0,-2.0376414630271147,0.2346024992194831,3,50.015946509042294,30,1,BLOCK,earnings,0.0,0.0
MELI-NU,2024-11-07,2024-11-19,LONG,1.0,-5.129195474741839,-0.4882835312430937,12,253.51661627828275,31,1,BLOCK,earnings,0.0,0.0
MELI-NU,2025-02-20,2025-04-01,SHORT,-1.0,2.4574548625763755,0.2295116016806493,40,-64.82043405401544,32,-1,BLOCK,earnings,0.0,-0.0
MELI-NU,2025-05-08,2025-06-11,SHORT,-1.0,2.0444051920018644,0.288312319024482,34,-47.78098241486177,33,-1,BLOCK,earnings,0.0,-0.0
MELI-NU,2025-09-02,2025-10-30,LONG,1.0,-2.030181077487301,-0.311387635025742,58,-173.99935479629676,34,1,ALLOW,clear_allow,1.0,-173.99935479629676
MELI-NU,2025-11-20,2026-01-06,LONG,1.0,-2.202559752946794,-0.212089164493391,47,58.9950705377384,35,1,ALLOW,clear_allow,1.0,58.9950705377384
MELI-NU,2026-02-06,2026-04-07,LONG,1.0,-2.240509884449207,-0.3275059287687435,60,-35.62901362307963,36,1,BLOCK,earnings,0.0,-0.0
MELI-NU,2026-05-07,2026-05-11,SHORT,-1.0,2.096596312671271,-2.071519355116813,4,202.96900568214448,37,-1,BLOCK,earnings,0.0,0.0
MELI-NU,2026-05-11,2026-05-18,LONG,1.0,-2.071519355116813,-0.0765952052499235,7,134.81964700670693,38,1,BLOCK,earnings,0.0,0.0
PAGS-VTEX,2023-04-14,2023-05-26,SHORT,-1.0,2.584205009820424,0.3230303763365669,42,-1.858010988565885,39,-1,BLOCK,earnings,0.0,-0.0
PAGS-VTEX,2023-07-17,2023-08-01,LONG,1.0,-2.055050719447028,-0.4085752417903855,15,1.5392409899381136,40,1,BLOCK,earnings,0.0,0.0
PAGS-VTEX,2023-08-22,2023-09-22,LONG,1.0,-2.1362964082293305,-0.3495086558532254,31,0.6641110302614777,41,1,BLOCK,earnings,0.0,0.0
PAGS-VTEX,2023-11-08,2023-12-01,LONG,1.0,-2.93822517411723,-0.0390491948144861,23,1.5639236230599312,42,1,BLOCK,earnings,0.0,0.0
PAGS-VTEX,2024-03-04,2024-03-21,LONG,1.0,-2.124901196922126,-0.263470953175333,17,0.5291915873331918,43,1,ALLOW,clear_allow,1.0,0.5291915873331918
PAGS-VTEX,2024-05-10,2024-06-13,SHORT,-1.0,2.118262007196516,0.3112671146897016,34,1.0142868175753783,44,-1,BLOCK,earnings,0.0,0.0
PAGS-VTEX,2024-07-15,2024-08-08,SHORT,-1.0,2.002258959552594,0.0040976879454615,24,1.5434893406604864,45,-1,BLOCK,earnings,0.0,0.0
PAGS-VTEX,2024-08-23,2024-11-06,LONG,1.0,-2.034675463120045,-0.4636776479720993,75,-2.0794991156127507,46,1,ALLOW,no_evidence_allow,1.0,-2.0794991156127507
PAGS-VTEX,2025-01-22,2025-01-27,LONG,1.0,-2.210448501262846,-0.3244743309425807,5,0.165850314345459,47,1,BLOCK,earnings,0.0,0.0
PAGS-VTEX,2025-01-28,2025-02-04,LONG,1.0,-2.734218111690143,0.1036467459924401,7,0.3682819441115983,48,1,BLOCK,earnings,0.0,0.0
PAGS-VTEX,2025-02-25,2025-05-07,SHORT,-1.0,2.775502673842563,0.0619955460500444,71,-2.5935718364729943,49,-1,BLOCK,earnings,0.0,-0.0
PAGS-VTEX,2025-05-27,2025-06-24,LONG,1.0,-2.676218582186964,-0.3971518099106583,28,0.3837737005727368,50,1,ALLOW,no_evidence_allow,1.0,0.3837737005727368
PAGS-VTEX,2025-08-08,2025-10-06,SHORT,-1.0,5.345460201078466,0.4309590666645075,59,-0.626120121122526,51,-1,BLOCK,earnings,0.0,-0.0
PAGS-VTEX,2025-11-11,2026-02-27,SHORT,-1.0,2.0411778610028,0.3244431706679824,108,-2.6621956095235113,52,-1,BLOCK,earnings,0.0,-0.0
CEPU-VIST,2023-03-31,2023-04-26,LONG,1.0,-2.006213786451842,-0.4292319834688414,26,0.2401457027397472,53,1,BLOCK,earnings,0.0,0.0
CEPU-VIST,2023-05-30,2023-06-21,SHORT,-1.0,2.030107371110409,0.4628468206503328,22,0.0180832250769398,54,-1,ALLOW,no_evidence_allow,1.0,0.0180832250769398
CEPU-VIST,2023-07-10,2023-08-24,LONG,1.0,-2.009909877183534,-0.2864278077334738,45,0.032052021818403,55,1,BLOCK,earnings,0.0,0.0
CEPU-VIST,2023-09-15,2023-10-18,LONG,1.0,-2.2148464260961687,-0.4829664080735473,33,-0.5076317790229927,56,1,ALLOW,no_evidence_allow,1.0,-0.5076317790229927
CEPU-VIST,2023-11-27,2024-02-07,SHORT,-1.0,2.0629732993811296,-0.0050060961652058,72,-1.3129535980493574,57,-1,ALLOW,no_evidence_allow,1.0,-1.3129535980493574
CEPU-VIST,2024-02-26,2024-04-03,LONG,1.0,-2.0526034057697258,-0.432697325925424,37,-0.2242753399853299,58,1,BLOCK,earnings,0.0,-0.0
CEPU-VIST,2024-06-25,2024-09-04,LONG,1.0,-2.025905228142028,-0.2986749267523088,71,-0.730913008019483,59,1,BLOCK,earnings,0.0,-0.0
CEPU-VIST,2024-09-11,2024-09-24,SHORT,-1.0,2.118009396614726,0.3845591973780521,13,0.5037723396271159,60,-1,ALLOW,no_evidence_allow,1.0,0.5037723396271159
CEPU-VIST,2024-11-07,2025-01-13,SHORT,-1.0,2.2037086194378297,0.159411703733163,67,-1.4850318269703395,61,-1,BLOCK,earnings,0.0,-0.0
CEPU-VIST,2025-04-24,2025-05-09,LONG,1.0,-2.1396620790364875,0.0348756265523962,15,0.1719551957174994,62,1,BLOCK,earnings,0.0,0.0
CEPU-VIST,2025-05-20,2025-06-02,SHORT,-1.0,2.2735514161177797,0.1101048808002932,13,0.6058311516461872,63,-1,ALLOW,no_evidence_allow,1.0,0.6058311516461872
CEPU-VIST,2025-08-07,2025-08-19,SHORT,-1.0,2.0811373200346006,0.4311193807650408,12,0.7361255655247269,64,-1,BLOCK,earnings,0.0,0.0
CEPU-VIST,2025-09-18,2025-10-13,LONG,1.0,-2.0155784859750323,-0.4889372910627847,25,0.1707040840424394,65,1,ALLOW,no_evidence_allow,1.0,0.1707040840424394
CEPU-VIST,2025-10-29,2026-01-13,SHORT,-1.0,2.114814431571069,0.3450001292409683,76,-2.2201004693267112,66,-1,BLOCK,earnings,0.0,-0.0
CEPU-VIST,2026-03-03,2026-04-08,LONG,1.0,-2.2790213660369596,-0.1487621709340576,36,-0.2767513356276012,67,1,BLOCK,earnings,0.0,-0.0
CEPU-VIST,2026-04-29,2026-05-27,LONG,1.0,-2.098508761851391,-0.4934033154556875,28,0.1076496438877052,68,1,BLOCK,earnings,0.0,0.0
NU-XP,2023-05-23,2023-05-26,SHORT,-1.0,2.0426409897274596,0.0250410524157882,3,0.19709810491339,69,-1,ALLOW,no_evidence_allow,1.0,0.19709810491339
NU-XP,2023-06-21,2023-06-28,LONG,1.0,-2.674978860208873,-0.221735260664195,7,0.560741028585379,70,1,ALLOW,no_evidence_allow,1.0,0.560741028585379
NU-XP,2023-07-20,2023-08-15,LONG,1.0,-2.743741482181311,-0.4001507711841449,26,0.1685792582698432,71,1,BLOCK,earnings,0.0,0.0
NU-XP,2023-08-23,2023-09-22,LONG,1.0,-2.533056999594224,-0.4938073040193372,30,0.6320920008362453,72,1,ALLOW,no_evidence_allow,1.0,0.6320920008362453
NU-XP,2023-10-11,2023-11-15,SHORT,-1.0,2.4918644335159756,0.46649768239889,35,-0.8543719692593241,73,-1,BLOCK,earnings,0.0,-0.0
NU-XP,2024-02-09,2024-07-29,SHORT,-1.0,2.0969420076827814,0.4828063711316439,171,-4.8452863380281475,74,-1,BLOCK,earnings,0.0,-0.0
NU-XP,2024-08-19,2024-09-26,SHORT,-1.0,2.0218415845224125,0.4488879647587848,38,-1.0558588585119886,75,-1,ALLOW,clear_allow,1.0,-1.0558588585119886
NU-XP,2024-11-11,2024-11-15,SHORT,-1.0,2.5826841838396186,0.1029785536210994,4,0.4743274857667729,76,-1,BLOCK,earnings,0.0,0.0
NU-XP,2024-12-18,2025-01-21,LONG,1.0,-2.3490107163733907,-0.375586270749642,34,1.095822128408234,77,1,ALLOW,no_evidence_allow,1.0,1.095822128408234
NU-XP,2025-02-21,2025-03-14,LONG,1.0,-2.0994496332126475,-0.4159410498080243,21,0.1783374366887197,78,1,ALLOW,clear_allow,1.0,0.1783374366887197
NU-XP,2025-07-17,2025-07-31,SHORT,-1.0,2.1169082415625406,0.3902200547362746,14,0.786799536020159,79,-1,BLOCK,earnings,0.0,0.0
NU-XP,2025-08-20,2025-11-13,SHORT,-1.0,2.2510292891427715,-0.2946588130718648,85,-1.502488796135584,80,-1,ALLOW,clear_allow,1.0,-1.502488796135584
NU-XP,2025-11-25,2026-01-13,SHORT,-1.0,2.4662133701390636,0.489600714703883,49,-0.6930524286838793,81,-1,ALLOW,clear_allow,1.0,-0.6930524286838793
NU-XP,2026-02-23,2026-05-01,LONG,1.0,-3.350982108332483,-0.4980188604401857,67,-0.8602397499401848,82,1,BLOCK,earnings,0.0,-0.0
NU-XP,2026-05-15,2026-05-29,LONG,1.0,-2.511062403713743,-0.4610995470887655,14,1.024602242496487,83,1,BLOCK,earnings,0.0,0.0
ERJ-NU,2023-03-23,2023-04-27,SHORT,-1.0,2.401136627691019,0.3368899209920292,35,0.6809513151267348,84,-1,ALLOW,clear_allow,1.0,0.6809513151267348
ERJ-NU,2023-10-05,2023-11-03,LONG,1.0,-2.0803856452112077,-0.3595546395637577,29,0.5286302765749448,85,1,BLOCK,earnings,0.0,0.0
ERJ-NU,2023-11-30,2024-01-04,SHORT,-1.0,2.399287751128537,0.456808805099904,35,-0.0857569926429888,86,-1,ALLOW,clear_allow,1.0,-0.0857569926429888
ERJ-NU,2024-03-14,2024-06-14,SHORT,-1.0,2.359548394742492,0.3958431197003759,92,-5.901485409242756,87,-1,BLOCK,earnings,0.0,-0.0
ERJ-NU,2024-09-04,2024-10-09,SHORT,-1.0,2.1335048223637485,0.4626455145488737,35,0.347902100476813,88,-1,ALLOW,clear_allow,1.0,0.347902100476813
ERJ-NU,2024-11-11,2025-02-04,SHORT,-1.0,2.2507545924419077,0.4260159591434967,85,-4.8038604898467945,89,-1,BLOCK,earnings,0.0,-0.0
ERJ-NU,2025-02-05,2025-04-02,SHORT,-1.0,2.6669989529027225,0.4535275366843541,56,-3.921021464197757,90,-1,BLOCK,earnings,0.0,-0.0
ERJ-NU,2025-06-18,2025-07-16,SHORT,-1.0,2.4692093340279326,0.0449740710041395,28,1.166197490880518,91,-1,ALLOW,clear_allow,1.0,1.166197490880518
ERJ-NU,2025-07-31,2025-08-20,SHORT,-1.0,2.045891289744364,0.4316728727452126,20,2.4554558292609725,92,-1,BLOCK,earnings,0.0,0.0
ERJ-NU,2025-10-28,2025-11-21,SHORT,-1.0,2.9859128324150963,0.0003960711721874,24,4.150698177762644,93,-1,BLOCK,earnings,0.0,0.0
MELI-VTEX,2023-06-26,2023-07-31,LONG,1.0,-2.6734676385077085,-0.4450866274623626,35,35.30378749216092,94,1,ALLOW,clear_allow,1.0,35.30378749216092
MELI-VTEX,2023-09-01,2023-09-21,SHORT,-1.0,2.4689827949912764,0.4816020141508252,20,57.87969964915655,95,-1,ALLOW,clear_allow,1.0,57.87969964915655
MELI-VTEX,2023-11-24,2024-01-03,SHORT,-1.0,2.036161965793027,0.404808295493703,40,-3.722419293185368,96,-1,ALLOW,clear_allow,1.0,-3.722419293185368
MELI-VTEX,2024-02-22,2024-02-23,SHORT,-1.0,2.274403924372454,-0.4165423730641299,1,-1.0696708605849323,97,-1,BLOCK,earnings,0.0,-0.0
MELI-VTEX,2024-03-05,2024-05-02,LONG,1.0,-2.1422948166914826,-0.2103052136606568,58,-32.53412046051261,98,1,ALLOW,clear_allow,1.0,-32.53412046051261
MELI-VTEX,2024-05-17,2024-06-11,SHORT,-1.0,2.010755041301466,0.4127784522608234,25,130.15072349827057,99,-1,ALLOW,no_evidence_allow,1.0,130.15072349827057
MELI-VTEX,2024-08-02,2024-10-02,SHORT,-1.0,2.529878058254695,0.2888628114621257,61,-236.5705671574063,100,-1,BLOCK,earnings,0.0,-0.0
MELI-VTEX,2024-11-07,2024-11-22,LONG,1.0,-3.662660242500992,-0.0627691979681634,15,207.43671475766013,101,1,ALLOW,clear_allow,1.0,207.43671475766013
MELI-VTEX,2024-12-09,2025-01-16,LONG,1.0,-2.0753113031566746,-0.4735676579390442,38,-3.28787623600698,102,1,ALLOW,clear_allow,1.0,-3.28787623600698
MELI-VTEX,2025-02-14,2025-03-31,SHORT,-1.0,2.139674250825342,0.0358513140626541,45,5.859896741551097,103,-1,BLOCK,earnings,0.0,0.0
MELI-VTEX,2025-04-29,2025-06-10,SHORT,-1.0,2.120858786416796,0.4602175766056512,42,-116.74362751031263,104,-1,BLOCK,earnings,0.0,-0.0
MELI-VTEX,2025-10-01,2025-10-27,LONG,1.0,-2.6129714669646327,-0.3138785912999466,26,-25.6908486484935,105,1,BLOCK,earnings,0.0,-0.0
MELI-VTEX,2025-11-20,2025-12-04,LONG,1.0,-2.2373631087280232,-0.4191427868504714,14,204.24232477515295,106,1,ALLOW,clear_allow,1.0,204.24232477515295
MELI-VTEX,2026-01-27,2026-02-03,SHORT,-1.0,2.0867355851566005,0.4520570986053699,7,136.9790203297904,107,-1,BLOCK,earnings,0.0,0.0
MELI-VTEX,2026-02-25,2026-04-13,LONG,1.0,-2.8140280577130503,-0.3876438762413356,47,-41.29139659879223,108,1,BLOCK,earnings,0.0,-0.0
BBAR-SUPV,2023-04-13,2023-05-03,SHORT,-1.0,2.089851634871942,0.4979023156324841,20,0.0433079288131794,109,-1,ALLOW,no_evidence_allow,1.0,0.0433079288131794
BBAR-SUPV,2023-06-06,2023-07-14,SHORT,-1.0,2.0098399823718394,0.0281491256542918,38,-0.0618961198177203,110,-1,ALLOW,no_evidence_allow,1.0,-0.0618961198177203
BBAR-SUPV,2023-11-20,2023-11-22,SHORT,-1.0,2.847285693348417,-2.5670072479862083,2,0.1860131173361738,111,-1,BLOCK,earnings,0.0,0.0
BBAR-SUPV,2023-11-22,2024-01-26,LONG,1.0,-2.5670072479862083,-0.4627021883271009,65,-0.4967444385555467,112,1,BLOCK,earnings,0.0,-0.0
BBAR-SUPV,2024-03-05,2024-05-23,SHORT,-1.0,2.25730948006412,-0.2433987502023794,79,-0.7503004393163422,113,-1,BLOCK,earnings,0.0,-0.0
BBAR-SUPV,2024-06-03,2024-06-06,SHORT,-1.0,2.108357886397524,0.4071515838193415,3,0.1515013221820931,114,-1,ALLOW,no_evidence_allow,1.0,0.1515013221820931
BBAR-SUPV,2024-06-28,2024-07-09,LONG,1.0,-2.3866140189650573,0.2457056372133329,11,0.4260708462332897,115,1,ALLOW,no_evidence_allow,1.0,0.4260708462332897
BBAR-SUPV,2024-08-15,2024-08-26,SHORT,-1.0,2.5673354498938146,0.4761683706550326,11,0.2429100896303119,116,-1,BLOCK,earnings,0.0,0.0
BBAR-SUPV,2024-09-04,2024-11-27,SHORT,-1.0,3.114036936484992,0.4459542225148233,84,-1.421376817200494,117,-1,ALLOW,no_evidence_allow,1.0,-1.421376817200494
BBAR-SUPV,2024-12-18,2025-01-02,LONG,1.0,-2.30532675660267,-0.0324881105179837,15,0.900039366225807,118,1,ALLOW,no_evidence_allow,1.0,0.900039366225807
BBAR-SUPV,2025-05-13,2025-05-20,SHORT,-1.0,2.5708849209966576,0.1604642335670111,7,0.3592454909097462,119,-1,BLOCK,earnings,0.0,0.0
BBAR-SUPV,2025-05-21,2025-05-22,SHORT,-1.0,2.017538497093557,-0.475607748985249,1,-0.0192034879041822,120,-1,BLOCK,earnings,0.0,-0.0
BBAR-SUPV,2025-05-27,2025-07-01,SHORT,-1.0,2.634919073289318,0.4037988441844121,35,-0.0429668124064029,121,-1,ALLOW,no_evidence_allow,1.0,-0.0429668124064029
BBAR-SUPV,2025-08-26,2025-10-27,LONG,1.0,-2.060622221336957,-0.1383011102804522,62,-0.8897233267766957,122,1,ALLOW,clear_allow,1.0,-0.8897233267766957
BBAR-SUPV,2025-11-26,2026-02-09,SHORT,-1.0,2.5427336890593817,0.3555042821157366,75,-2.0347138972583965,123,-1,ALLOW,clear_allow,1.0,-2.0347138972583965
BBAR-SUPV,2026-05-11,2026-05-29,SHORT,-1.0,2.706289256004914,2.56359467267234,18,-1.1042616869902768,124,-1,BLOCK,earnings,0.0,-0.0
PAX-VINP,2023-05-22,2023-06-08,SHORT,-1.0,2.6409801525600556,0.2777879221183962,17,0.1730174640690691,125,-1,ALLOW,no_evidence_allow,1.0,0.1730174640690691
PAX-VINP,2023-06-16,2023-06-22,LONG,1.0,-2.176588527484866,-0.3085605769022937,6,0.5447860570539158,126,1,ALLOW,no_evidence_allow,1.0,0.5447860570539158
PAX-VINP,2023-06-26,2023-07-17,LONG,1.0,-3.2172485472008865,-0.4099491357582552,21,0.6606276575210551,127,1,ALLOW,no_evidence_allow,1.0,0.6606276575210551
PAX-VINP,2023-10-11,2023-11-10,LONG,1.0,-2.31761568534658,-0.4242547201866825,30,-0.022149050998518,128,1,BLOCK,earnings,0.0,-0.0
PAX-VINP,2023-12-14,2024-01-08,SHORT,-1.0,2.0510127203637873,0.3646395252333446,25,0.3819830156883824,129,-1,ALLOW,no_evidence_allow,1.0,0.3819830156883824
PAX-VINP,2024-04-26,2024-07-15,LONG,1.0,-2.159743167168015,-0.3969291305367481,80,-0.8209511693575298,130,1,BLOCK,earnings,0.0,-0.0
PAX-VINP,2024-08-01,2024-08-30,LONG,1.0,-2.2870024920964935,-0.2113545844980726,29,-0.0073622129150244,131,1,BLOCK,earnings,0.0,-0.0
PAX-VINP,2024-11-06,2024-12-18,SHORT,-1.0,2.452289944631912,0.4918555141454831,42,-0.4973286864829153,132,-1,BLOCK,earnings,0.0,-0.0
PAX-VINP,2025-03-28,2025-05-06,LONG,1.0,-2.0602886204861037,-0.4160505893162631,39,-0.2156220997017343,133,1,ALLOW,no_evidence_allow,1.0,-0.2156220997017343
PAX-VINP,2025-05-13,2025-07-21,SHORT,-1.0,2.0827244315377844,0.3872200085268052,69,-1.5095210201897469,134,-1,ALLOW,no_evidence_allow,1.0,-1.5095210201897469
PAX-VINP,2025-09-15,2025-09-26,SHORT,-1.0,2.358952247609696,0.2395203023951014,11,0.3983678271409654,135,-1,ALLOW,no_evidence_allow,1.0,0.3983678271409654
PAX-VINP,2026-01-05,2026-01-27,SHORT,-1.0,2.50133779715077,-0.1325553660056853,22,-0.2126996395750617,136,-1,BLOCK,earnings,0.0,-0.0
PAX-VINP,2026-05-13,2026-05-27,LONG,1.0,-2.025013356804728,-0.4019275327230076,14,0.3822620783327659,137,1,ALLOW,clear_allow,1.0,0.3822620783327659
NU-VLRS,2023-05-08,2023-08-31,SHORT,-1.0,3.0423803278757977,0.3924278523076029,115,-1.835973751585348,138,-1,BLOCK,earnings,0.0,-0.0
NU-VLRS,2023-09-28,2023-11-27,SHORT,-1.0,2.2812600859039476,0.3967615683236703,60,-0.940668050299079,139,-1,BLOCK,earnings,0.0,-0.0
NU-VLRS,2024-02-07,2024-04-15,SHORT,-1.0,2.069106297972663,0.3159874798357219,68,-1.9588423120108804,140,-1,BLOCK,earnings,0.0,-0.0
NU-VLRS,2024-06-21,2024-07-29,SHORT,-1.0,2.015185611073929,0.442951105547013,38,-0.1283166080924798,141,-1,BLOCK,earnings,0.0,-0.0
NU-VLRS,2024-08-15,2024-09-26,SHORT,-1.0,2.232811323353253,0.1940569090182331,42,-0.7815273838832368,142,-1,ALLOW,clear_allow,1.0,-0.7815273838832368
NU-VLRS,2024-11-18,2025-01-23,LONG,1.0,-2.2582772051950295,-0.4841070361393218,66,-1.9339574450075183,143,1,ALLOW,no_evidence_allow,1.0,-1.9339574450075183
NU-VLRS,2025-05-14,2025-05-29,SHORT,-1.0,2.1575352994740427,0.4734830728586845,15,1.3604981401516745,144,-1,ALLOW,clear_allow,1.0,1.3604981401516745
NU-VLRS,2025-09-08,2025-10-10,SHORT,-1.0,2.0898201931671267,0.3977703385980433,32,0.1379866095115054,145,-1,ALLOW,clear_allow,1.0,0.1379866095115054
NU-VLRS,2025-11-26,2025-12-16,SHORT,-1.0,2.79587618346861,-0.2143731823277988,20,0.800821581475397,146,-1,ALLOW,clear_allow,1.0,0.800821581475397
NU-VLRS,2026-01-27,2026-02-09,SHORT,-1.0,2.3464766515560695,-0.3112136732904979,13,1.4746669137750608,147,-1,BLOCK,earnings,0.0,0.0
NU-VLRS,2026-02-26,2026-04-13,LONG,1.0,-3.0418115860434387,-0.4573266910580054,46,0.3632093724578477,148,1,ALLOW,clear_allow,1.0,0.3632093724578477
NU-VLRS,2026-05-13,2026-05-29,LONG,1.0,-2.521699395720942,-1.65918377136149,16,0.0913085212847538,149,1,BLOCK,earnings,0.0,0.0
NU-PAX,2023-05-02,2023-07-14,SHORT,-1.0,2.595085179005908,0.4616638874720206,73,-1.508863389252193,150,-1,BLOCK,earnings,0.0,-0.0
NU-PAX,2023-10-11,2023-11-15,SHORT,-1.0,3.011466580744977,0.3438007116645702,35,-0.7354012429576715,151,-1,BLOCK,earnings,0.0,-0.0
NU-PAX,2023-12-27,2024-01-05,LONG,1.0,-2.121130330336426,-0.3718280583551434,9,1.1124495521733009,152,1,ALLOW,no_evidence_allow,1.0,1.1124495521733009
NU-PAX,2024-02-13,2024-02-20,SHORT,-1.0,2.2314955978943103,0.3874194450841228,7,1.3255309175831964,153,-1,BLOCK,earnings,0.0,0.0
NU-PAX,2024-05-02,2024-07-25,SHORT,-1.0,2.02511172687271,0.0652334463684961,84,-1.5586554163075697,154,-1,BLOCK,earnings,0.0,-0.0
NU-PAX,2024-08-14,2024-10-01,SHORT,-1.0,2.468760687110752,0.4841908395795491,48,-0.7956511806773476,155,-1,ALLOW,clear_allow,1.0,-0.7956511806773476
NU-PAX,2024-11-18,2025-01-16,LONG,1.0,-2.3150142706767105,-0.4100059637064727,59,-2.0496221003276176,156,1,ALLOW,no_evidence_allow,1.0,-2.0496221003276176
NU-PAX,2025-06-10,2025-07-14,LONG,1.0,-2.000076488766446,-0.3462982440575896,34,0.8579783642780301,157,1,ALLOW,clear_allow,1.0,0.8579783642780301
NU-PAX,2025-08-20,2025-10-13,SHORT,-1.0,2.4028261872550996,0.4993111272907694,54,-0.4438255253343525,158,-1,ALLOW,clear_allow,1.0,-0.4438255253343525
NU-PAX,2025-11-18,2025-11-25,LONG,1.0,-2.276315968116303,2.6795323254228176,7,1.0732168108307862,159,1,ALLOW,clear_allow,1.0,1.0732168108307862
NU-PAX,2025-11-25,2025-12-05,SHORT,-1.0,2.6795323254228176,-0.0126874474656406,10,0.9353093975130254,160,-1,ALLOW,clear_allow,1.0,0.9353093975130254
NU-PAX,2025-12-10,2026-01-23,LONG,1.0,-2.2315137211965066,-0.4925797335794991,44,-0.2296261525155254,161,1,ALLOW,clear_allow,1.0,-0.2296261525155254
NU-PAX,2026-01-28,2026-02-26,SHORT,-1.0,2.2736019743304983,0.1561254043555453,29,-0.341876529309609,162,-1,BLOCK,earnings,0.0,-0.0
CX-NU,2023-04-12,2023-05-22,SHORT,-1.0,2.381414385658486,0.0104927435841144,40,0.0132500586299321,163,-1,BLOCK,earnings,0.0,0.0
CX-NU,2023-08-07,2023-09-07,SHORT,-1.0,2.0670609501019204,0.4109147458584245,31,-0.1067409449210678,164,-1,BLOCK,earnings,0.0,-0.0
CX-NU,2023-10-05,2023-11-08,LONG,1.0,-2.4519128330439592,-0.3924654184019976,34,0.3817391471608116,165,1,BLOCK,earnings,0.0,0.0
CX-NU,2023-12-14,2024-01-16,SHORT,-1.0,2.3141795984073106,0.0232532926115721,33,0.3214664148950217,166,-1,ALLOW,no_evidence_allow,1.0,0.3214664148950217
CX-NU,2024-02-29,2024-03-26,LONG,1.0,-2.0167091115872817,-0.1479233706746611,26,0.487411445085572,167,1,ALLOW,clear_allow,1.0,0.487411445085572
CX-NU,2024-05-07,2024-08-01,LONG,1.0,-2.144257071185709,-0.46739860879318,86,-1.3992312361511043,168,1,BLOCK,earnings,0.0,-0.0
CX-NU,2024-08-26,2024-09-26,LONG,1.0,-2.039768082834707,-0.0175330247936884,31,-0.0144275970212059,169,1,ALLOW,clear_allow,1.0,-0.0144275970212059
CX-NU,2024-10-28,2024-11-18,LONG,1.0,-2.41101382922997,-0.183471471793523,21,0.5702677069266744,170,1,BLOCK,earnings,0.0,0.0
CX-NU,2025-02-21,2025-03-14,SHORT,-1.0,2.7189182395331652,0.1684014610409679,21,0.5979070239209923,171,-1,ALLOW,clear_allow,1.0,0.5979070239209923
CX-NU,2025-05-21,2025-06-24,SHORT,-1.0,2.2767516361757263,0.0573707042512934,34,0.3300039629964097,172,-1,ALLOW,clear_allow,1.0,0.3300039629964097
CX-NU,2025-07-21,2025-09-10,SHORT,-1.0,2.047594881821607,0.3014221299151388,51,-0.6309975358344702,173,-1,BLOCK,earnings,0.0,-0.0
CX-NU,2025-10-28,2026-03-03,SHORT,-1.0,2.0264386423904397,0.3364372718827546,126,-2.1793823694528016,174,-1,BLOCK,earnings,0.0,-0.0
CX-NU,2026-04-23,2026-05-29,SHORT,-1.0,2.5089716170753524,1.5059558941544149,36,-1.1194885595694533,175,-1,BLOCK,earnings,0.0,-0.0
DLO-VTEX,2023-03-31,2023-04-05,SHORT,-1.0,2.258363282888993,-4.2342238123002645,5,-0.8364991654414267,176,-1,ALLOW,no_evidence_allow,1.0,-0.8364991654414267
DLO-VTEX,2023-04-05,2023-04-21,LONG,1.0,-4.2342238123002645,-0.3124950933301981,16,5.236184371692468,177,1,ALLOW,clear_allow,1.0,5.236184371692468
DLO-VTEX,2023-05-04,2023-05-08,LONG,1.0,-2.102361936932185,-0.3399866266254747,4,0.5327164245425965,178,1,BLOCK,earnings,0.0,0.0
DLO-VTEX,2023-05-26,2023-07-12,LONG,1.0,-3.5544991346511483,-0.3292091270272802,47,0.4986699056704147,179,1,ALLOW,no_evidence_allow,1.0,0.4986699056704147
DLO-VTEX,2023-08-16,2023-10-06,SHORT,-1.0,4.690966907810558,0.4809290772302003,51,1.7516552280914182,180,-1,DOWNSIZE,sentiment,0.5,0.8758276140457091
DLO-VTEX,2023-11-10,2024-02-15,LONG,1.0,-2.3294076705159945,-0.4803660829747945,97,-2.233472624625529,181,1,BLOCK,earnings,0.0,-0.0
DLO-VTEX,2024-03-07,2024-03-18,LONG,1.0,-2.334577315883401,-0.4298311291114791,11,1.7927667284962672,182,1,BLOCK,earnings,0.0,0.0
DLO-VTEX,2024-03-19,2024-04-04,LONG,1.0,-2.296799789368259,-0.2508310656358644,16,1.5002154853719067,183,1,ALLOW,clear_allow,1.0,1.5002154853719067
DLO-VTEX,2024-05-15,2024-07-29,LONG,1.0,-3.8794904060329287,-0.2601441045492823,75,-1.1269048533926678,184,1,ALLOW,clear_allow,1.0,-1.1269048533926678
DLO-VTEX,2024-09-10,2024-09-19,SHORT,-1.0,2.0995333821605935,-0.0762619155418583,9,0.4979361190821117,185,-1,ALLOW,no_evidence_allow,1.0,0.4979361190821117
DLO-VTEX,2024-11-12,2025-02-20,SHORT,-1.0,2.279494287487416,0.2614200876101929,100,-3.63145014882942,186,-1,BLOCK,earnings,0.0,-0.0
DLO-VTEX,2025-02-26,2025-02-28,SHORT,-1.0,5.267242579058612,-0.3847648888044564,2,0.2695945485981991,187,-1,BLOCK,earnings,0.0,0.0
DLO-VTEX,2025-03-28,2025-05-15,LONG,1.0,-2.045225390653487,-0.078871796699533,48,-0.2634648529587788,188,1,ALLOW,no_evidence_allow,1.0,-0.2634648529587788
DLO-VTEX,2025-08-08,2025-10-10,SHORT,-1.0,4.566302453570791,0.4896650077064743,63,-3.4701321860896304,189,-1,BLOCK,earnings,0.0,-0.0
DLO-VTEX,2025-11-20,2025-12-08,LONG,1.0,-2.1550300536532965,-0.4424659049763383,18,0.7936788830832602,190,1,ALLOW,no_evidence_allow,1.0,0.7936788830832602
DLO-VTEX,2026-01-06,2026-02-03,SHORT,-1.0,2.301202360473849,0.3723118045403951,28,0.6370430513218128,191,-1,ALLOW,clear_allow,1.0,0.6370430513218128
DLO-VTEX,2026-03-03,2026-04-10,LONG,1.0,-2.4182958259050102,-0.4148504471394378,38,0.3231529209825879,192,1,BLOCK,earnings,0.0,0.0
DLO-MELI,2023-04-14,2023-05-04,LONG,1.0,-2.031175000346721,-0.4562119355424249,20,0.4080116587497575,193,1,BLOCK,earnings,0.0,0.0
DLO-MELI,2023-06-02,2023-06-08,LONG,1.0,-2.011446905916642,-0.2843013779254488,6,2.054588334203012,194,1,DOWNSIZE,sentiment,0.5,1.027294167101506
DLO-MELI,2023-07-10,2023-08-10,SHORT,-1.0,3.08891315687287,-2.320805252300208,31,6.789914218176986,195,-1,BLOCK,earnings,0.0,0.0
DLO-MELI,2023-08-10,2023-08-15,LONG,1.0,-2.320805252300208,0.1920342067580756,5,6.252836127397925,196,1,BLOCK,earnings,0.0,0.0
DLO-MELI,2023-08-16,2023-09-01,SHORT,-1.0,2.4760109684249954,0.1062687451197133,16,3.1333224777935103,197,-1,DOWNSIZE,sentiment,0.5,1.5666612388967551
DLO-MELI,2023-11-14,2024-02-23,LONG,1.0,-2.1769078978588197,0.031721704406931,101,-15.119467251742645,198,1,BLOCK,earnings,0.0,-0.0
DLO-MELI,2024-05-08,2024-07-18,LONG,1.0,-2.04315416278594,-0.4056799714608594,71,-3.836557551666014,199,1,BLOCK,earnings,0.0,-0.0
DLO-MELI,2024-08-02,2024-10-02,LONG,1.0,-2.4042269695495553,-0.3320487136930746,61,-8.638574735976421,200,1,BLOCK,earnings,0.0,-0.0
DLO-MELI,2024-11-07,2024-11-25,SHORT,-1.0,4.061834870890086,-0.0147023805048232,18,5.131575295172284,201,-1,BLOCK,earnings,0.0,0.0
DLO-MELI,2024-12-09,2025-01-28,SHORT,-1.0,2.5189610018837993,0.2766093318969033,50,-0.6171269451799279,202,-1,ALLOW,no_evidence_allow,1.0,-0.6171269451799279
DLO-MELI,2025-02-21,2025-03-31,LONG,1.0,-2.845807083156835,-0.400445889582831,38,2.896687287328092,203,1,BLOCK,earnings,0.0,0.0
DLO-MELI,2025-04-29,2025-06-11,LONG,1.0,-2.3835176276781502,-0.4425322907762077,43,-2.1459557766059874,204,1,BLOCK,earnings,0.0,-0.0
DLO-MELI,2025-08-14,2025-08-28,SHORT,-1.0,2.8140738386113173,0.4462986834003704,14,3.8762239137248766,205,-1,ALLOW,clear_allow,1.0,3.8762239137248766
DLO-MELI,2025-10-01,2025-10-29,SHORT,-1.0,3.394366596919619,0.4505675253501163,28,2.239450425423116,206,-1,BLOCK,earnings,0.0,0.0
DLO-MELI,2026-02-25,2026-04-13,SHORT,-1.0,2.989689083636236,0.4499049325556064,47,-0.361557689272673,207,-1,BLOCK,earnings,0.0,-0.0
DLO-MELI,2026-05-11,2026-05-27,SHORT,-1.0,2.2323856168462157,0.0558037520004331,16,4.444196123312368,208,-1,BLOCK,earnings,0.0,0.0
ASR-CAAP,2023-04-17,2023-05-26,LONG,1.0,-2.5099341769739456,-0.3797932900530304,39,-7.656426397212392,209,1,BLOCK,earnings,0.0,-0.0
ASR-CAAP,2023-07-10,2023-10-04,LONG,1.0,-2.6551719805274754,-0.2743623752073951,86,-34.994218211224364,210,1,BLOCK,earnings,0.0,-0.0
ASR-CAAP,2023-10-05,2023-10-16,LONG,1.0,-2.4275734476793804,-0.3058903421850232,11,18.60766358985762,211,1,BLOCK,earnings,0.0,0.0
ASR-CAAP,2023-10-31,2023-11-10,SHORT,-1.0,2.1337017610272127,0.3390538418755937,10,14.065776928514705,212,-1,BLOCK,earnings,0.0,0.0
ASR-CAAP,2023-11-27,2023-12-14,LONG,1.0,-3.2530547569961645,0.1536420432951458,17,-3.843610514046144,213,1,ALLOW,no_evidence_allow,1.0,-3.843610514046144
ASR-CAAP,2024-02-16,2024-03-20,SHORT,-1.0,2.280414074267659,0.463917769720516,33,4.175907721750351,214,-1,BLOCK,earnings,0.0,0.0
ASR-CAAP,2024-05-28,2024-06-20,LONG,1.0,-2.5376542125965686,-0.2568432271500686,23,11.759078907977784,215,1,ALLOW,clear_allow,1.0,11.759078907977784
ASR-CAAP,2024-08-06,2024-08-09,SHORT,-1.0,2.3775525027202393,0.1684830962714434,3,10.310842289783675,216,-1,BLOCK,earnings,0.0,0.0
ASR-CAAP,2024-09-12,2024-11-21,LONG,1.0,-2.463775862652865,-0.4839270947047795,70,-56.20844614027814,217,1,ALLOW,no_evidence_allow,1.0,-56.20844614027814
ASR-CAAP,2024-12-12,2024-12-18,LONG,1.0,-2.0286508302138637,-0.2296890057079967,6,9.91519664535826,218,1,ALLOW,no_evidence_allow,1.0,9.91519664535826
ASR-CAAP,2025-02-11,2025-03-12,SHORT,-1.0,2.0270117123597298,0.4486374236580452,29,1.9039027008078817,219,-1,BLOCK,earnings,0.0,0.0
ASR-CAAP,2025-03-14,2025-05-08,SHORT,-1.0,2.066412352163292,0.3345471409692717,55,-9.006432475982113,220,-1,BLOCK,earnings,0.0,-0.0
ASR-CAAP,2025-08-21,2025-08-25,LONG,1.0,-2.184849493153323,-0.0945631979682867,4,9.744937784725378,221,1,ALLOW,clear_allow,1.0,9.744937784725378
ASR-CAAP,2025-09-08,2025-11-28,SHORT,-1.0,4.4533985712840805,-2.171931866809812,81,92.38385167657164,222,-1,ALLOW,no_evidence_allow,1.0,92.38385167657164
ASR-CAAP,2025-11-28,2026-01-15,LONG,1.0,-2.171931866809812,-0.4979409729476005,48,29.65503118899509,223,1,ALLOW,clear_allow,1.0,29.65503118899509
ASR-CAAP,2026-01-29,2026-02-04,LONG,1.0,-2.280009086185217,-0.4823145203926388,6,30.159834545459823,224,1,BLOCK,earnings,0.0,0.0
ASR-CAAP,2026-03-06,2026-04-10,SHORT,-1.0,2.060062837905107,0.1752342218238683,35,6.143066077580116,225,-1,BLOCK,earnings,0.0,0.0
ASR-CAAP,2026-05-27,2026-05-29,LONG,1.0,-2.3906587551672636,-3.223103776557314,2,-14.608680234140186,226,1,ALLOW,no_evidence_allow,1.0,-14.608680234140186
NU-PAGS,2023-05-19,2023-08-01,SHORT,-1.0,2.7351280048972995,0.35930781857664,74,-1.8049999903332097,227,-1,BLOCK,earnings,0.0,-0.0
NU-PAGS,2023-10-11,2023-11-16,SHORT,-1.0,2.9164000612038743,0.2122776292797911,36,-0.2327564935999404,228,-1,ALLOW,no_evidence_allow,1.0,-0.2327564935999404
NU-PAGS,2024-02-14,2024-04-19,SHORT,-1.0,2.6711952278639717,0.3689758294163194,65,-0.9212231180648952,229,-1,BLOCK,earnings,0.0,-0.0
NU-PAGS,2024-05-28,2024-07-24,SHORT,-1.0,2.802600959127196,0.1545508898823542,57,-0.1591084496468403,230,-1,ALLOW,clear_allow,1.0,-0.1591084496468403
NU-PAGS,2024-08-02,2024-08-08,LONG,1.0,-2.04868353798114,-0.3906344661162536,6,0.3564215141556244,231,1,BLOCK,earnings,0.0,0.0
NU-PAGS,2024-08-19,2024-10-03,SHORT,-1.0,2.0978312372280064,0.4959760107590102,45,-1.083485114959306,232,-1,BLOCK,earnings,0.0,-0.0
NU-PAGS,2024-12-02,2025-01-22,LONG,1.0,-2.476704474905299,-0.3465092818651476,51,-0.1458930262997273,233,1,ALLOW,no_evidence_allow,1.0,-0.1458930262997273
NU-PAGS,2025-07-16,2025-07-28,SHORT,-1.0,2.207057010514,0.3203906430176877,12,1.0094022469759674,234,-1,BLOCK,earnings,0.0,0.0
NU-PAGS,2025-08-25,2025-10-16,SHORT,-1.0,2.332404238296675,0.4299013406197524,52,-0.7823906903575937,235,-1,ALLOW,clear_allow,1.0,-0.7823906903575937
NU-PAGS,2025-11-25,2025-12-16,SHORT,-1.0,2.393260043637395,0.3456798820062834,21,0.0340333535972614,236,-1,ALLOW,clear_allow,1.0,0.0340333535972614
NU-PAGS,2026-01-05,2026-01-13,SHORT,-1.0,2.579094903345861,0.0560415175785281,8,1.0039646759947125,237,-1,ALLOW,clear_allow,1.0,1.0039646759947125
NU-PAGS,2026-01-28,2026-02-04,SHORT,-1.0,2.0070512974582595,-0.261597576657594,7,0.3845736448279739,238,-1,BLOCK,earnings,0.0,0.0
NU-PAGS,2026-02-26,2026-04-14,LONG,1.0,-3.90753171225134,-0.4670638454863814,47,-0.1853415324181986,239,1,BLOCK,earnings,0.0,-0.0
NU-PAGS,2026-05-15,2026-05-29,LONG,1.0,-2.290877946970959,-1.2607602417968011,14,0.7380525691771915,240,1,BLOCK,earnings,0.0,0.0
DLO-PAGS,2023-04-03,2023-04-05,SHORT,-1.0,3.835164592455344,-3.534600597177779,2,0.2214519593268729,241,-1,ALLOW,no_evidence_allow,1.0,0.2214519593268729
DLO-PAGS,2023-04-05,2023-06-27,LONG,1.0,-3.534600597177779,-0.4748074237085309,83,2.246937486928248,242,1,ALLOW,clear_allow,1.0,2.246937486928248
DLO-PAGS,2023-08-15,2023-10-06,SHORT,-1.0,2.3980392053339785,0.4346161283398715,52,-3.608942015418319,243,-1,BLOCK,earnings,0.0,-0.0
DLO-PAGS,2023-11-22,2024-03-06,LONG,1.0,-2.5952694682366753,-0.4706589522004757,105,-2.9053533365609696,244,1,ALLOW,clear_allow,1.0,-2.9053533365609696
DLO-PAGS,2024-03-19,2024-04-05,LONG,1.0,-3.015687785335165,-0.4351642481077051,17,1.3272499739722272,245,1,ALLOW,clear_allow,1.0,1.3272499739722272
DLO-PAGS,2024-05-15,2024-08-07,LONG,1.0,-4.110427996782035,-0.4778444001115965,84,-1.9594916379805312,246,1,BLOCK,earnings,0.0,-0.0
DLO-PAGS,2024-08-27,2024-11-04,SHORT,-1.0,2.155949169314033,0.4977854079548039,69,-1.6762327119045084,247,-1,ALLOW,no_evidence_allow,1.0,-1.6762327119045084
DLO-PAGS,2024-11-14,2025-02-20,SHORT,-1.0,2.1040727715593355,0.2911498750544818,98,-2.8180327834929453,248,-1,ALLOW,clear_allow,1.0,-2.8180327834929453
DLO-PAGS,2025-02-26,2025-02-28,SHORT,-1.0,2.096915263783608,-3.93087444598458,2,0.0743681927335271,249,-1,BLOCK,earnings,0.0,0.0
DLO-PAGS,2025-02-28,2025-05-13,LONG,1.0,-3.93087444598458,-0.4497204470324944,74,2.1654990898595488,250,1,DOWNSIZE,sentiment,0.5,1.0827495449297744
DLO-PAGS,2025-08-14,2025-09-04,SHORT,-1.0,6.204685628736724,0.46475200106657,21,1.6225351807712751,251,-1,ALLOW,clear_allow,1.0,1.6225351807712751
DLO-PAGS,2025-11-17,2025-12-10,LONG,1.0,-2.32638849671551,-0.495522456352466,23,0.6535559043398679,252,1,ALLOW,clear_allow,1.0,0.6535559043398679
DLO-PAGS,2026-02-03,2026-03-19,LONG,1.0,-2.1500259801162005,-0.1988075131705848,44,-0.5488838408417718,253,1,BLOCK,earnings,0.0,-0.0
DLO-PAGS,2026-04-24,2026-05-12,SHORT,-1.0,2.1397298517769423,0.2788663146591623,18,0.1272062475655977,254,-1,BLOCK,earnings,0.0,0.0
DLO-XP,2023-04-03,2023-04-05,SHORT,-1.0,2.1089045205262895,0.1699269471651009,2,0.1100090454732753,255,-1,ALLOW,no_evidence_allow,1.0,0.1100090454732753
DLO-XP,2023-05-17,2023-08-15,LONG,1.0,-2.193747410239568,-0.0453452607484167,90,-9.978690731842203,256,1,BLOCK,earnings,0.0,-0.0
DLO-XP,2023-08-30,2023-11-07,SHORT,-1.0,2.1711914787750466,0.1980120349055087,69,-1.7755790067372477,257,-1,ALLOW,no_evidence_allow,1.0,-1.7755790067372477
DLO-XP,2023-12-05,2024-02-13,LONG,1.0,-2.223214322812647,-0.2736491974545469,70,-2.1234447665127796,258,1,ALLOW,clear_allow,1.0,-2.1234447665127796
DLO-XP,2024-03-19,2024-04-04,LONG,1.0,-2.171715163479486,-0.25202153581776,16,0.8829287037726852,259,1,ALLOW,clear_allow,1.0,0.8829287037726852
DLO-XP,2024-04-16,2024-05-03,SHORT,-1.0,2.658690115113224,0.1984897914507822,17,0.6583727900677794,260,-1,BLOCK,earnings,0.0,0.0
DLO-XP,2024-05-15,2024-05-23,LONG,1.0,-2.0621477550061047,0.2369949473432089,8,4.092454947645608,261,1,BLOCK,earnings,0.0,0.0
DLO-XP,2024-10-08,2024-10-18,SHORT,-1.0,2.000831708753343,0.4858804508754364,10,0.8054833495225335,262,-1,ALLOW,no_evidence_allow,1.0,0.8054833495225335
DLO-XP,2024-11-12,2025-02-03,SHORT,-1.0,2.18570065185823,0.4316153424011581,83,-6.534851489444939,263,-1,BLOCK,earnings,0.0,-0.0
DLO-XP,2025-02-28,2025-04-10,LONG,1.0,-3.378063517553081,-0.3768369603149335,41,0.1384440699491236,264,1,ALLOW,clear_allow,1.0,0.1384440699491236
DLO-XP,2025-05-08,2025-06-26,LONG,1.0,-2.149486523507836,-0.4617514300062516,49,0.2833803676216875,265,1,BLOCK,earnings,0.0,0.0
DLO-XP,2025-07-23,2025-09-05,SHORT,-1.0,2.0537814147797366,0.233803294476794,44,-0.4860034506048389,266,-1,BLOCK,earnings,0.0,-0.0
DLO-XP,2025-10-09,2025-10-29,SHORT,-1.0,2.048078525101233,0.3558714785366189,20,1.3640073372134245,267,-1,BLOCK,earnings,0.0,0.0
DLO-XP,2026-02-19,2026-03-12,LONG,1.0,-2.0492041697237036,-0.3028601653572799,21,0.9473426959499966,268,1,BLOCK,earnings,0.0,0.0
BAP-IFS,2023-05-05,2023-05-12,SHORT,-1.0,2.64458588329182,0.2916443600769998,7,4.570851234041342,269,-1,BLOCK,earnings,0.0,0.0
BAP-IFS,2023-06-15,2023-06-26,SHORT,-1.0,2.449036140834757,0.4599565969655208,11,4.685120152906038,270,-1,ALLOW,no_evidence_allow,1.0,4.685120152906038
BAP-IFS,2023-07-07,2023-08-14,SHORT,-1.0,2.128489586621369,-0.0459510201434915,38,-0.9407536539111456,271,-1,ALLOW,no_evidence_allow,1.0,-0.9407536539111456
BAP-IFS,2023-09-13,2023-10-06,LONG,1.0,-2.2561064081579083,-0.4883219722169514,23,0.6076429079656185,272,1,ALLOW,no_evidence_allow,1.0,0.6076429079656185
BAP-IFS,2023-12-14,2024-01-05,SHORT,-1.0,2.512313537764266,0.4235439440849051,22,4.620843266123129,273,-1,ALLOW,no_evidence_allow,1.0,4.620843266123129
BAP-IFS,2024-02-21,2024-02-29,LONG,1.0,-2.077704395972058,0.0963681874316569,8,1.4638782039242693,274,1,ALLOW,no_evidence_allow,1.0,1.4638782039242693
BAP-IFS,2024-03-27,2024-05-16,SHORT,-1.0,2.496220368512439,0.4367797641565412,50,-2.5141524883998514,275,-1,ALLOW,no_evidence_allow,1.0,-2.5141524883998514
BAP-IFS,2024-10-28,2024-10-30,SHORT,-1.0,2.1307322213765967,0.4316392960866073,2,3.3303428150720267,276,-1,BLOCK,earnings,0.0,0.0
BAP-IFS,2024-12-06,2025-01-15,LONG,1.0,-2.1424532575946813,-0.3314647041075689,40,-2.3228060532356487,277,1,ALLOW,no_evidence_allow,1.0,-2.3228060532356487
BAP-IFS,2025-02-07,2025-03-25,LONG,1.0,-2.055085548141077,-0.4977095549391643,46,-4.203683571222494,278,1,BLOCK,earnings,0.0,-0.0
BAP-IFS,2025-05-27,2025-10-02,SHORT,-1.0,2.369872085567459,0.1704743750418851,128,-35.165011806285314,279,-1,ALLOW,clear_allow,1.0,-35.165011806285314
BAP-IFS,2025-10-20,2025-11-10,LONG,1.0,-2.279540447533007,-0.0421321130920057,21,1.7386316729894462,280,1,BLOCK,earnings,0.0,0.0
BAP-IFS,2025-12-04,2026-02-11,SHORT,-1.0,2.609714801028193,0.4198959703059943,69,-19.90511311220141,281,-1,ALLOW,clear_allow,1.0,-19.90511311220141
BAP-IFS,2026-04-27,2026-05-08,LONG,1.0,-2.109952929614088,-0.4715711657147219,11,2.120743848246283,282,1,BLOCK,earnings,0.0,0.0
